Date,Product_Category,Region,Season,Marketing_Spend,Previous_Month_Sales,Units_Sold,Revenue
2022-01-01,Furniture,West,Autumn,40779.0,74327.0,496.0,233402.15
2022-01-01,Sports,West,Winter,38261.0,96400.0,482.0,225061.56
2022-01-02,Food,South,Winter,32881.0,41639.0,334.0,110606.28
2022-01-03,Sports,West,Autumn,18058.0,68627.0,78.0,65801.51
2022-01-03,Sports,East,Spring,25472.0,88424.0,157.0,79353.32
2022-01-04,Clothing,West,Autumn,42346.0,24692.0,457.0,168371.5
2022-01-05,Food,North,Summer,35926.0,94037.0,25.0,64481.6
2022-01-06,Food,West,Autumn,35832.0,83840.0,316.0,115211.14
2022-01-06,Food,South,Summer,37021.0,59200.0,114.0,66817.33
2022-01-07,Sports,North,Winter,25087.0,98063.0,174.0,102316.41
2022-01-08,Furniture,South,Spring,13828.0,62415.0,497.0,171880.5
2022-01-09,Food,South,Winter,32128.0,23074.0,210.0,79396.17
2022-01-09,Sports,North,Summer,2401.0,20549.0,206.0,46177.79
2022-01-10,Clothing,South,Summer,20643.0,34963.0,435.0,140156.26
2022-01-11,Furniture,South,Summer,16193.0,96456.0,194.0,129932.09
2022-01-11,Clothing,West,Spring,27853.0,57265.0,331.0,122113.16
2022-01-12,Furniture,East,Autumn,45864.0,21061.0,274.0,124942.36
2022-01-13,Sports,South,Winter,21307.0,63226.0,372.0,133830.08
2022-01-14,Electronics,South,Winter,37982.0,33810.0,109.0,158930.38
2022-01-14,Furniture,South,Autumn,20611.0,65006.0,351.0,164863.43
2022-01-15,Clothing,West,Winter,44791.0,27800.0,329.0,182344.5
2022-01-16,Sports,East,Spring,12950.0,80476.0,223.0,65418.07
2022-01-17,Furniture,North,Winter,11704.0,74460.0,287.0,153807.48
2022-01-17,Electronics,West,Summer,44111.0,62767.0,171.0,210350.05
2022-01-18,Electronics,West,Autumn,12867.0,33054.0,448.0,208862.05
2022-01-19,Food,East,Spring,3745.0,80319.0,166.0,41020.84
2022-01-19,Food,East,Autumn,4866.0,50397.0,431.0,77269.18
2022-01-20,Clothing,West,Spring,33245.0,18233.0,260.0,109177.51
2022-01-21,Furniture,North,Summer,45724.0,95020.0,375.0,212541.28
2022-01-22,Furniture,West,Autumn,6818.0,30068.0,106.0,59089.37
2022-01-22,Food,East,Winter,49861.0,70727.0,27.0,71818.82
2022-01-23,Furniture,North,Spring,31116.0,95610.0,336.0,156859.16
2022-01-24,Furniture,East,Autumn,16493.0,75453.0,458.0,141838.45
2022-01-25,Electronics,North,Winter,29038.0,30832.0,392.0,219531.57
2022-01-25,Food,South,Autumn,21447.0,91242.0,106.0,57558.73
2022-01-26,Sports,East,Autumn,31431.0,18682.0,10.0,34925.74
2022-01-27,Food,East,Autumn,18908.0,97298.0,225.0,67177.28
2022-01-28,Sports,West,Spring,30336.0,28383.0,141.0,71839.31
2022-01-28,Electronics,East,Winter,41992.0,63160.0,269.0,191358.27
2022-01-29,Clothing,East,Summer,5025.0,98332.0,134.0,72989.62
2022-01-30,Furniture,South,Spring,21093.0,28666.0,91.0,68363.82
2022-01-30,Electronics,East,Spring,7155.0,63817.0,292.0,109518.1
2022-01-31,Furniture,South,Spring,47607.0,96198.0,180.0,142742.22
2022-02-01,Clothing,South,Summer,34487.0,39642.0,68.0,70070.71
2022-02-02,Clothing,South,Winter,48658.0,46830.0,41.0,109111.8
2022-02-02,Electronics,South,Winter,21963.0,15234.0,170.0,123318.26
2022-02-03,Clothing,North,Winter,21936.0,62616.0,293.0,124422.35
2022-02-04,Sports,West,Autumn,5426.0,14221.0,115.0,33019.01
2022-02-05,Clothing,North,Autumn,24303.0,16410.0,114.0,53809.16
2022-02-05,Furniture,East,Autumn,46280.0,85055.0,448.0,208411.75
2022-02-06,Furniture,North,Summer,28606.0,66413.0,237.0,144040.85
2022-02-07,Furniture,North,Autumn,48832.0,6051.0,197.0,113725.28
2022-02-07,Furniture,East,Summer,29151.0,80301.0,79.0,88864.84
2022-02-08,Sports,East,Winter,14767.0,81918.0,327.0,107071.15
2022-02-09,Food,East,Autumn,12308.0,83116.0,473.0,86364.25
2022-02-10,Electronics,North,Autumn,45245.0,61563.0,299.0,178960.35
2022-02-10,Furniture,North,Spring,46671.0,49757.0,96.0,92709.38
2022-02-11,Clothing,East,Summer,25770.0,82475.0,379.0,127564.85
2022-02-12,Furniture,West,Winter,29572.0,56257.0,371.0,219898.15
2022-02-13,Clothing,West,Spring,42448.0,5307.0,481.0,168829.05
2022-02-13,Clothing,South,Spring,3204.0,61889.0,65.0,41661.29
2022-02-14,Furniture,East,Winter,28233.0,73895.0,122.0,124634.81
2022-02-15,Sports,South,Spring,22729.0,40944.0,22.0,42576.22
2022-02-16,Clothing,West,Summer,32131.0,43134.0,449.0,161924.43
2022-02-16,Clothing,South,Summer,34870.0,32323.0,27.0,66196.61
2022-02-17,Furniture,East,Autumn,39011.0,76762.0,191.0,118441.81
2022-02-18,Clothing,East,Spring,40382.0,92225.0,470.0,152877.5
2022-02-18,Clothing,East,Autumn,42475.0,30954.0,122.0,71350.69
2022-02-19,Furniture,North,Spring,47681.0,60021.0,238.0,151490.17
2022-02-20,Furniture,South,Summer,22607.0,94959.0,180.0,133003.44
2022-02-21,Electronics,West,Summer,25968.0,84866.0,304.0,218039.37
2022-02-21,Sports,West,Summer,34398.0,75427.0,198.0,131647.08
2022-02-22,Sports,West,Spring,12908.0,9992.0,435.0,93857.12
2022-02-23,Clothing,North,Summer,27423.0,6961.0,474.0,136438.91
2022-02-24,Sports,North,Spring,44615.0,17497.0,88.0,62239.08
2022-02-24,Clothing,East,Autumn,10171.0,37551.0,155.0,54489.3
2022-02-25,Electronics,West,Spring,13721.0,81384.0,416.0,231273.95
2022-02-26,Furniture,North,Autumn,17616.0,60755.0,191.0,105160.74
2022-02-26,Furniture,East,Spring,43512.0,18255.0,295.0,109990.25
2022-02-27,Furniture,West,Autumn,39458.0,9567.0,259.0,147427.17
2022-02-28,Sports,South,Summer,47169.0,53847.0,363.0,155165.5
2022-03-01,Electronics,East,Autumn,8659.0,53003.0,323.0,131751.19
2022-03-01,Sports,North,Summer,44369.0,25389.0,205.0,86490.26
2022-03-02,Sports,North,Summer,12704.0,49523.0,332.0,97490.39
2022-03-03,Electronics,East,Autumn,33793.0,66576.0,80.0,116170.99
2022-03-04,Electronics,East,Spring,49152.0,48919.0,257.0,171290.43
2022-03-04,Electronics,North,Spring,47473.0,87103.0,155.0,155332.44
2022-03-05,Electronics,South,Winter,32226.0,8358.0,115.0,106430.3
2022-03-06,Furniture,West,Spring,24852.0,93535.0,272.0,155336.45
2022-03-07,Food,South,Winter,33082.0,81524.0,305.0,132539.65
2022-03-07,Food,East,Spring,23794.0,10698.0,79.0,30325.66
2022-03-08,Electronics,South,Spring,42420.0,71809.0,479.0,250060.85
2022-03-09,Food,North,Summer,14379.0,98079.0,202.0,67160.27
2022-03-09,Food,East,Winter,8006.0,60805.0,77.0,39643.95
2022-03-10,Electronics,West,Spring,9682.0,36349.0,314.0,141140.83
2022-03-11,Food,North,Winter,34840.0,81777.0,61.0,78192.34
2022-03-12,Sports,North,Summer,33430.0,55248.0,379.0,130288.52
2022-03-12,Clothing,West,Summer,24091.0,80033.0,372.0,157900.12
2022-03-13,Clothing,West,Winter,33983.0,49041.0,294.0,161804.76
2022-03-14,Electronics,South,Summer,24989.0,36954.0,414.0,193751.37
2022-03-15,Furniture,East,Autumn,10915.0,13002.0,483.0,139336.88
2022-03-15,Electronics,West,Autumn,43552.0,74783.0,343.0,239690.09
2022-03-16,Furniture,West,Summer,19990.0,92234.0,18.0,95544.94
2022-03-17,Clothing,East,Autumn,25734.0,24738.0,260.0,77887.78
2022-03-17,Electronics,West,Spring,15824.0,15703.0,440.0,186652.74
2022-03-18,Sports,West,Winter,37081.0,54422.0,341.0,172103.29
2022-03-19,Food,South,Spring,12033.0,88106.0,307.0,84787.7
2022-03-20,Furniture,North,Winter,43736.0,66899.0,444.0,226233.21
2022-03-20,Food,North,Summer,17241.0,17392.0,193.0,47809.01
2022-03-21,Food,North,Spring,6939.0,49724.0,188.0,40518.64
2022-03-22,Electronics,North,Summer,48464.0,37299.0,207.0,172908.14
2022-03-23,Food,West,Summer,48562.0,20641.0,137.0,73967.04
2022-03-23,Sports,East,Winter,36063.0,84534.0,29.0,81108.79
2022-03-24,Food,East,Winter,35464.0,11305.0,481.0,124038.86
2022-03-25,Electronics,South,Winter,12185.0,23782.0,420.0,221690.22
2022-03-26,Sports,South,Spring,28045.0,83257.0,431.0,134214.29
2022-03-26,Clothing,West,Autumn,45769.0,82963.0,337.0,168046.8
2022-03-27,Food,East,Winter,48118.0,25566.0,74.0,58264.05
2022-03-28,Electronics,East,Winter,20167.0,72766.0,191.0,153139.02
2022-03-28,Clothing,North,Spring,37412.0,11511.0,250.0,90524.71
2022-03-29,Clothing,West,Winter,22625.0,31177.0,378.0,149489.47
2022-03-30,Furniture,West,Spring,40188.0,9765.0,33.0,70919.71
2022-03-31,Sports,North,Summer,28076.0,25354.0,393.0,120237.61
2022-03-31,Food,West,Winter,45605.0,28929.0,440.0,167844.05
2022-04-01,Electronics,West,Winter,20029.0,33820.0,464.0,255107.11
2022-04-02,Furniture,South,Summer,23973.0,34523.0,92.0,83060.4
2022-04-03,Sports,East,Summer,40121.0,76088.0,479.0,142979.98
2022-04-03,Furniture,West,Summer,32433.0,71163.0,328.0,183840.7
2022-04-04,Sports,South,Winter,44309.0,82525.0,194.0,152026.83
2022-04-05,Sports,East,Autumn,2932.0,18780.0,448.0,87778.6
2022-04-05,Food,North,Autumn,45254.0,11589.0,325.0,87912.28
2022-04-06,Sports,South,Autumn,2757.0,39812.0,108.0,35078.87
2022-04-07,Furniture,South,Winter,31722.0,98664.0,71.0,150446.79
2022-04-08,Sports,East,Summer,38853.0,50939.0,295.0,107546.15
2022-04-08,Food,North,Winter,39405.0,56493.0,486.0,137528.98
2022-04-09,Food,South,Summer,2116.0,98326.0,31.0,41183.81
2022-04-10,Furniture,West,Winter,44527.0,45953.0,468.0,257007.01
2022-04-11,Clothing,West,Winter,12691.0,70785.0,221.0,127017.08
2022-04-11,Clothing,West,Summer,1492.0,24309.0,135.0,48371.89
2022-04-12,Sports,North,Autumn,28882.0,59195.0,422.0,112768.3
2022-04-13,Electronics,South,Summer,9811.0,30901.0,434.0,175539.5
2022-04-13,Sports,West,Spring,28808.0,28576.0,51.0,48561.93
2022-04-14,Furniture,North,Spring,25272.0,36508.0,107.0,64554.5
2022-04-15,Furniture,West,Summer,29399.0,79711.0,458.0,244615.52
2022-04-16,Furniture,East,Winter,7474.0,30464.0,40.0,41784.85
2022-04-16,Furniture,South,Spring,27956.0,65281.0,167.0,99880.54
2022-04-17,Furniture,South,Spring,48153.0,21260.0,121.0,94649.47
2022-04-18,Food,North,Winter,43506.0,40440.0,411.0,128895.6
2022-04-19,Clothing,North,Winter,14979.0,61683.0,256.0,114332.38
2022-04-19,Furniture,South,Autumn,45523.0,46430.0,131.0,117068.2
2022-04-20,Electronics,West,Winter,43565.0,6987.0,282.0,215835.64
2022-04-21,Electronics,West,Summer,29328.0,30105.0,303.0,197343.43
2022-04-22,Electronics,East,Summer,48375.0,83484.0,407.0,234327.69
2022-04-22,Electronics,West,Autumn,13867.0,18026.0,480.0,181717.23
2022-04-23,Food,North,Spring,26851.0,73309.0,482.0,109098.13
2022-04-24,Electronics,North,Spring,32279.0,50927.0,216.0,135627.1
2022-04-24,Furniture,West,Winter,31527.0,80414.0,119.0,159777.76
2022-04-25,Sports,North,Summer,8866.0,62535.0,449.0,123601.19
2022-04-26,Electronics,South,Spring,16449.0,47946.0,287.0,144672.69
2022-04-27,Food,South,Autumn,11685.0,61561.0,460.0,94720.5
2022-04-27,Food,West,Autumn,24544.0,15377.0,65.0,37416.58
2022-04-28,Electronics,South,Summer,6451.0,58592.0,384.0,169251.36
2022-04-29,Sports,South,Autumn,22642.0,12347.0,412.0,98371.76
2022-04-30,Electronics,East,Autumn,42316.0,38776.0,66.0,102949.2
2022-04-30,Food,East,Summer,40954.0,8783.0,437.0,106375.95
2022-05-01,Clothing,South,Winter,39870.0,60798.0,491.0,232074.08
2022-05-02,Furniture,West,Winter,32030.0,9298.0,300.0,176197.04
2022-05-02,Food,East,Autumn,31873.0,75204.0,123.0,55936.6
2022-05-03,Electronics,North,Winter,1619.0,91207.0,390.0,187862.71
2022-05-04,Furniture,North,Winter,34650.0,60161.0,394.0,217288.36
2022-05-05,Electronics,North,Autumn,26372.0,65652.0,317.0,169598.62
2022-05-05,Electronics,West,Winter,4642.0,39484.0,350.0,195630.18
2022-05-06,Clothing,South,Autumn,29001.0,25922.0,486.0,152078.73
2022-05-07,Furniture,North,Spring,35064.0,39028.0,207.0,110532.59
2022-05-08,Furniture,West,Summer,30290.0,25316.0,430.0,212734.44
2022-05-08,Clothing,East,Summer,15122.0,81996.0,330.0,102973.61
2022-05-09,Food,South,Winter,25820.0,21968.0,188.0,74892.11
2022-05-10,Electronics,East,Winter,3895.0,35266.0,394.0,173180.42
2022-05-11,Sports,West,Winter,6366.0,29000.0,228.0,78833.05
2022-05-11,Electronics,North,Summer,9711.0,19011.0,286.0,119968.01
2022-05-12,Electronics,North,Spring,20596.0,7866.0,446.0,148589.96
2022-05-13,Food,West,Spring,19793.0,10898.0,25.0,26942.84
2022-05-13,Electronics,North,Summer,9199.0,23395.0,388.0,136216.54
2022-05-14,Clothing,South,Spring,11717.0,44019.0,70.0,44361.5
2022-05-15,Clothing,West,Summer,37191.0,9006.0,63.0,64765.49
2022-05-16,Furniture,East,Spring,11211.0,39393.0,177.0,70317.85
2022-05-16,Sports,West,Autumn,46550.0,15956.0,35.0,61278.15
2022-05-17,Electronics,South,Autumn,24360.0,55042.0,345.0,172778.51
2022-05-18,Electronics,South,Summer,22542.0,11078.0,485.0,214040.39
2022-05-19,Food,West,Spring,32312.0,34631.0,74.0,55367.78
2022-05-19,Clothing,West,Winter,46242.0,67901.0,109.0,130036.17
2022-05-20,Sports,North,Spring,37435.0,74497.0,83.0,66154.24
2022-05-21,Furniture,South,Autumn,29247.0,99813.0,201.0,152141.17
2022-05-21,Clothing,West,Autumn,23357.0,46574.0,180.0,90213.77
2022-05-22,Furniture,West,Spring,42045.0,36417.0,282.0,169226.5
2022-05-23,Food,South,Spring,28691.0,93020.0,386.0,100061.32
2022-05-24,Food,West,Winter,13424.0,88639.0,196.0,96424.59
2022-05-24,Electronics,North,Winter,19852.0,70006.0,32.0,92328.21
2022-05-25,Sports,South,Spring,23601.0,99881.0,400.0,122661.46
2022-05-26,Furniture,North,Spring,19020.0,44454.0,437.0,146331.63
2022-05-27,Clothing,North,Spring,9155.0,6587.0,190.0,46210.03
2022-05-27,Food,North,Spring,4583.0,59710.0,336.0,68083.08
2022-05-28,Electronics,North,Summer,16515.0,91567.0,117.0,115946.95
2022-05-29,Electronics,South,Spring,37777.0,96748.0,344.0,217191.3
2022-05-30,Furniture,North,Winter,20710.0,80886.0,171.0,127192.42
2022-05-30,Food,North,Autumn,44178.0,23816.0,311.0,92390.08
2022-05-31,Sports,West,Summer,25532.0,90824.0,461.0,169968.62
2022-06-01,Food,South,Spring,19601.0,34432.0,215.0,55310.9
2022-06-01,Furniture,South,Autumn,5967.0,53617.0,87.0,57037.86
2022-06-02,Furniture,East,Summer,19753.0,77373.0,25.0,70985.35
2022-06-03,Food,South,Autumn,21022.0,39217.0,336.0,78035.53
2022-06-04,Furniture,South,Spring,44463.0,25884.0,105.0,105588.67
2022-06-04,Food,East,Spring,10135.0,10454.0,156.0,28232.68
2022-06-05,Clothing,South,Winter,6722.0,79960.0,11.0,57436.05
2022-06-06,Food,South,Spring,28413.0,48618.0,19.0,36610.65
2022-06-07,Food,South,Spring,28236.0,88948.0,443.0,118153.32
2022-06-07,Furniture,South,Summer,16514.0,67671.0,134.0,110010.22
2022-06-08,Furniture,East,Winter,44896.0,52111.0,90.0,112521.82
2022-06-09,Electronics,South,Summer,38212.0,44613.0,494.0,293985.81
2022-06-09,Electronics,South,Autumn,41386.0,90678.0,149.0,170235.27
2022-06-10,Clothing,East,Spring,21331.0,64993.0,335.0,107788.65
2022-06-11,Electronics,West,Autumn,19060.0,13848.0,159.0,101565.53
2022-06-12,Food,North,Summer,2196.0,83672.0,297.0,70974.84
2022-06-12,Furniture,West,Spring,13297.0,71125.0,370.0,147639.5
2022-06-13,Electronics,East,Spring,3787.0,91444.0,349.0,136051.28
2022-06-14,Electronics,North,Summer,24816.0,66602.0,138.0,115104.82
2022-06-15,Clothing,East,Summer,41695.0,77045.0,447.0,150400.08
2022-06-15,Clothing,East,Summer,20702.0,47222.0,248.0,82012.57
2022-06-16,Food,South,Summer,26242.0,54223.0,67.0,53032.91
2022-06-17,Furniture,North,Summer,3176.0,70333.0,207.0,99918.52
2022-06-18,Clothing,South,Spring,21127.0,57732.0,220.0,82367.83
2022-06-18,Electronics,North,Summer,42560.0,54420.0,411.0,214744.7
2022-06-19,Furniture,East,Spring,28228.0,80504.0,399.0,156238.47
2022-06-20,Furniture,East,Spring,21208.0,7462.0,54.0,36553.13
2022-06-20,Electronics,West,Summer,29482.0,14460.0,106.0,100097.16
2022-06-21,Clothing,North,Summer,10171.0,14275.0,288.0,71640.45
2022-06-22,Electronics,South,Winter,36219.0,99213.0,32.0,177409.87
2022-06-23,Furniture,West,Spring,34396.0,18269.0,419.0,183617.9
2022-06-23,Sports,West,Summer,43589.0,70942.0,470.0,186648.95
2022-06-24,Sports,West,Summer,41546.0,77920.0,400.0,182534.85
2022-06-25,Food,South,Summer,4696.0,27553.0,344.0,72974.45
2022-06-26,Electronics,West,Winter,21058.0,29366.0,53.0,97709.12
2022-06-26,Electronics,South,Winter,21313.0,49036.0,36.0,99147.53
2022-06-27,Food,West,Autumn,20149.0,22369.0,291.0,77329.21
2022-06-28,Food,South,Spring,46740.0,16795.0,106.0,55045.8
2022-06-28,Food,East,Autumn,42075.0,75021.0,472.0,103474.82
2022-06-29,Furniture,East,Summer,5956.0,73154.0,45.0,54346.92
2022-06-30,Electronics,East,Winter,11195.0,35143.0,118.0,89159.33
2022-07-01,Furniture,East,Winter,18076.0,34425.0,64.0,64589.78
2022-07-01,Food,East,Autumn,2105.0,93209.0,201.0,57251.2
2022-07-02,Electronics,West,Winter,16417.0,80139.0,228.0,220128.29
2022-07-03,Furniture,West,Summer,25729.0,10368.0,194.0,101930.56
2022-07-04,Furniture,West,Winter,47956.0,9621.0,78.0,128658.04
2022-07-04,Food,South,Autumn,31099.0,63829.0,326.0,99965.85
2022-07-05,Electronics,South,Summer,33598.0,65294.0,139.0,167993.4
2022-07-06,Food,South,Autumn,30961.0,19719.0,64.0,45942.72
2022-07-07,Electronics,South,Winter,13602.0,34227.0,387.0,211471.29
2022-07-07,Sports,East,Autumn,10256.0,12566.0,106.0,29017.08
2022-07-08,Clothing,East,Autumn,21584.0,17306.0,345.0,94132.21
2022-07-09,Clothing,East,Spring,47980.0,58822.0,96.0,73980.49
2022-07-09,Clothing,North,Winter,35681.0,29042.0,303.0,136266.91
2022-07-10,Food,West,Winter,26792.0,20086.0,128.0,70884.17
2022-07-11,Sports,South,Autumn,22904.0,22387.0,217.0,71452.66
2022-07-12,Electronics,South,Spring,44361.0,32042.0,343.0,196166.53
2022-07-12,Furniture,East,Winter,35540.0,94424.0,422.0,219302.28
2022-07-13,Electronics,South,Summer,27536.0,56618.0,163.0,142709.29
2022-07-14,Furniture,South,Autumn,20164.0,97050.0,44.0,86416.91
2022-07-15,Electronics,West,Winter,13996.0,23323.0,88.0,92775.04
2022-07-15,Sports,East,Summer,3871.0,23019.0,76.0,27964.19
2022-07-16,Furniture,West,Winter,47002.0,80426.0,352.0,291622.94
2022-07-17,Food,North,Summer,23626.0,45863.0,422.0,92858.26
2022-07-17,Electronics,North,Autumn,11521.0,15283.0,43.0,41144.43
2022-07-18,Electronics,North,Winter,44410.0,23279.0,106.0,143173.96
2022-07-19,Furniture,East,Winter,2132.0,51999.0,178.0,77490.09
2022-07-20,Food,South,Spring,34467.0,67780.0,178.0,67469.32
2022-07-20,Food,East,Autumn,15534.0,27908.0,160.0,38352.66
2022-07-21,Sports,East,Summer,24854.0,66584.0,80.0,67458.66
2022-07-22,Food,South,Winter,43998.0,55225.0,12.0,70775.56
2022-07-23,Food,West,Winter,40065.0,42952.0,323.0,136912.96
2022-07-23,Food,North,Summer,46607.0,42663.0,41.0,55375.83
2022-07-24,Clothing,West,Autumn,8812.0,66381.0,296.0,112636.71
2022-07-25,Sports,North,Spring,5557.0,52929.0,91.0,33844.75
2022-07-25,Electronics,East,Spring,3179.0,14343.0,52.0,24420.32
2022-07-26,Furniture,North,Winter,44798.0,81173.0,400.0,240312.55
2022-07-27,Electronics,East,Summer,10065.0,44791.0,114.0,70514.61
2022-07-28,Sports,West,Winter,9275.0,34134.0,10.0,35002.9
2022-07-28,Furniture,East,Summer,48857.0,52101.0,70.0,101208.98
2022-07-29,Sports,West,Spring,36948.0,74443.0,279.0,127507.12
2022-07-30,Food,South,Autumn,21700.0,62530.0,189.0,65744.87
2022-07-31,Furniture,South,Summer,40464.0,51799.0,233.0,160248.72
2022-07-31,Food,South,Spring,43351.0,9827.0,15.0,36380.53
2022-08-01,Electronics,East,Winter,28794.0,67653.0,112.0,120756.44
2022-08-02,Electronics,South,Summer,29783.0,18699.0,19.0,79537.31
2022-08-03,Furniture,North,Autumn,17998.0,96419.0,80.0,83120.78
2022-08-03,Furniture,West,Winter,14869.0,10313.0,99.0,74287.69
2022-08-04,Sports,West,Winter,45525.0,18598.0,235.0,145798.74
2022-08-05,Sports,North,Spring,29152.0,33807.0,167.0,60650.32
2022-08-05,Food,East,Summer,21954.0,75423.0,237.0,70973.84
2022-08-06,Furniture,East,Winter,32555.0,74390.0,414.0,211294.17
2022-08-07,Electronics,West,Autumn,17654.0,50226.0,135.0,122570.54
2022-08-08,Sports,South,Summer,46026.0,64550.0,453.0,187100.1
2022-08-08,Sports,East,Autumn,36236.0,85072.0,218.0,95746.64
2022-08-09,Electronics,East,Winter,47976.0,8558.0,106.0,133832.38
2022-08-10,Sports,North,Autumn,16042.0,80308.0,83.0,52874.65
2022-08-11,Food,North,Spring,26966.0,55113.0,124.0,55909.34
2022-08-11,Furniture,South,Autumn,49407.0,57999.0,200.0,164584.22
2022-08-12,Electronics,East,Summer,45314.0,60878.0,179.0,149242.58
2022-08-13,Furniture,East,Autumn,46095.0,41343.0,316.0,138852.88
2022-08-13,Sports,North,Autumn,15270.0,63219.0,457.0,105978.48
2022-08-14,Sports,East,Spring,31908.0,40186.0,213.0,69343.7
2022-08-15,Electronics,West,Autumn,16523.0,41966.0,65.0,85742.11
2022-08-16,Food,North,Autumn,48068.0,38769.0,217.0,76189.7
2022-08-16,Clothing,South,Winter,20991.0,58218.0,50.0,65758.22
2022-08-17,Electronics,North,Winter,11775.0,24229.0,41.0,51756.18
2022-08-18,Clothing,East,Summer,13265.0,80209.0,24.0,55009.11
2022-08-19,Clothing,South,Winter,20459.0,32877.0,71.0,64928.04
2022-08-19,Food,North,Winter,17673.0,63001.0,164.0,66306.5
2022-08-20,Clothing,West,Winter,28056.0,43084.0,293.0,138584.1
2022-08-21,Clothing,West,Winter,7614.0,86780.0,218.0,133152.56
2022-08-22,Food,North,Spring,37020.0,97892.0,329.0,103756.81
2022-08-22,Clothing,West,Winter,8415.0,21806.0,196.0,76394.0
2022-08-23,Clothing,West,Spring,24155.0,93635.0,451.0,151445.57
2022-08-24,Clothing,West,Spring,44884.0,42034.0,139.0,91031.41
2022-08-24,Electronics,South,Winter,17964.0,45317.0,136.0,115042.66
2022-08-25,Electronics,West,Autumn,38726.0,60468.0,301.0,217260.86
2022-08-26,Electronics,West,Spring,38044.0,24094.0,123.0,131598.59
2022-08-27,Food,West,Autumn,38544.0,62796.0,208.0,91651.38
2022-08-27,Sports,South,Autumn,33252.0,15589.0,22.0,46944.97
2022-08-28,Clothing,North,Winter,4832.0,62221.0,280.0,99580.25
2022-08-29,Clothing,East,Summer,26275.0,6657.0,98.0,51509.89
2022-08-30,Food,West,Winter,15901.0,44531.0,224.0,87676.62
2022-08-30,Clothing,North,Summer,39213.0,57227.0,453.0,150271.79
2022-08-31,Electronics,West,Summer,35148.0,8164.0,287.0,177790.34
2022-09-01,Sports,South,Winter,43633.0,98078.0,456.0,214517.27
2022-09-01,Furniture,North,Winter,23918.0,88973.0,483.0,210835.98
2022-09-02,Clothing,South,Summer,47694.0,46247.0,490.0,185276.68
2022-09-03,Electronics,West,Winter,20540.0,24601.0,212.0,157246.19
2022-09-04,Furniture,West,Summer,12580.0,98966.0,83.0,118786.45
2022-09-04,Sports,South,Autumn,39402.0,55599.0,34.0,67374.39
2022-09-05,Furniture,East,Winter,39578.0,76545.0,110.0,140089.5
2022-09-06,Electronics,South,Autumn,25917.0,9552.0,185.0,105304.56
2022-09-07,Furniture,West,Spring,23318.0,14417.0,436.0,168513.25
2022-09-07,Food,South,Autumn,11179.0,63579.0,126.0,49700.8
2022-09-08,Furniture,East,Autumn,13251.0,73207.0,175.0,94802.79
2022-09-09,Clothing,South,Summer,46899.0,77055.0,50.0,101587.75
2022-09-10,Clothing,East,Autumn,20493.0,83270.0,438.0,130842.98
2022-09-10,Food,East,Winter,21466.0,8722.0,353.0,82952.24
2022-09-11,Electronics,South,Summer,31206.0,75442.0,433.0,252035.97
2022-09-12,Clothing,South,Spring,46475.0,45031.0,375.0,131118.1
2022-09-12,Sports,North,Winter,20624.0,84235.0,129.0,80296.49
2022-09-13,Clothing,West,Spring,27564.0,26438.0,106.0,59684.15
2022-09-14,Clothing,East,Autumn,23412.0,63819.0,154.0,78440.1
2022-09-15,Electronics,North,Winter,28990.0,48856.0,225.0,158710.93
2022-09-15,Furniture,South,Winter,36517.0,38576.0,238.0,154597.1
2022-09-16,Clothing,West,Spring,14156.0,46938.0,322.0,111147.34
2022-09-17,Food,North,Winter,24064.0,54028.0,139.0,63510.68
2022-09-18,Furniture,East,Winter,26711.0,64807.0,361.0,176127.74
2022-09-18,Sports,North,Winter,31106.0,54877.0,386.0,132344.91
2022-09-19,Electronics,East,Autumn,17589.0,48461.0,327.0,152258.8
2022-09-20,Sports,South,Spring,24736.0,98474.0,481.0,157327.94
2022-09-20,Furniture,West,Winter,21975.0,45469.0,146.0,133346.43
2022-09-21,Furniture,West,Summer,37218.0,88136.0,333.0,215664.45
2022-09-22,Furniture,West,Summer,8214.0,25435.0,346.0,144010.32
2022-09-23,Sports,South,Summer,31581.0,89117.0,282.0,121872.32
2022-09-23,Furniture,East,Summer,21195.0,19191.0,126.0,61491.97
2022-09-24,Sports,South,Autumn,45582.0,89726.0,315.0,127065.24
2022-09-25,Furniture,West,Winter,28127.0,32386.0,377.0,211313.42
2022-09-26,Food,South,Spring,6141.0,36721.0,103.0,30788.17
2022-09-26,Furniture,South,Winter,29884.0,59786.0,177.0,147231.57
2022-09-27,Sports,South,Autumn,25885.0,18704.0,451.0,107627.28
2022-09-28,Clothing,East,Summer,3708.0,61635.0,212.0,68740.2
2022-09-29,Furniture,North,Autumn,19375.0,7123.0,350.0,115283.42
2022-09-29,Clothing,North,Winter,16088.0,95710.0,158.0,100674.87
2022-09-30,Food,South,Spring,45602.0,67993.0,411.0,122794.12
2022-10-01,Electronics,North,Autumn,46046.0,85122.0,192.0,163116.61
2022-10-01,Food,North,Spring,11014.0,30416.0,422.0,77691.31
2022-10-02,Furniture,South,Autumn,4273.0,6814.0,161.0,52211.2
2022-10-03,Clothing,South,Spring,48135.0,83537.0,83.0,94540.5
2022-10-04,Clothing,West,Spring,38306.0,55258.0,374.0,140949.61
2022-10-04,Sports,North,Summer,31881.0,21508.0,410.0,121250.6
2022-10-05,Clothing,East,Spring,32486.0,90166.0,283.0,116040.25
2022-10-06,Sports,South,Summer,13541.0,83916.0,51.0,59724.44
2022-10-07,Electronics,West,Winter,9712.0,40699.0,221.0,141975.38
2022-10-07,Furniture,East,Winter,10168.0,51335.0,110.0,79608.51
2022-10-08,Sports,North,Summer,4551.0,51806.0,54.0,35680.86
2022-10-09,Electronics,West,Summer,13297.0,82853.0,91.0,120804.99
2022-10-09,Clothing,South,Autumn,44733.0,68768.0,26.0,83396.78
2022-10-10,Clothing,East,Autumn,28128.0,40739.0,82.0,52958.49
2022-10-11,Electronics,South,Autumn,3832.0,39785.0,23.0,39332.66
2022-10-12,Clothing,North,Winter,29483.0,36980.0,442.0,153078.98
2022-10-12,Electronics,East,Autumn,23063.0,94335.0,166.0,141402.06
2022-10-13,Sports,North,Spring,23963.0,99702.0,232.0,91903.41
2022-10-14,Sports,North,Spring,14422.0,90016.0,141.0,65476.29
2022-10-15,Electronics,West,Autumn,33920.0,6609.0,347.0,186515.15
2022-10-15,Sports,South,Spring,12156.0,71253.0,413.0,121975.97
2022-10-16,Sports,East,Winter,12108.0,90481.0,385.0,136218.18
2022-10-17,Sports,North,Spring,32845.0,96128.0,385.0,122937.39
2022-10-18,Food,North,Winter,3800.0,33141.0,56.0,26111.54
2022-10-18,Furniture,East,Summer,39078.0,35009.0,116.0,98629.03
2022-10-19,Clothing,North,Summer,43712.0,11782.0,117.0,77236.71
2022-10-20,Food,West,Summer,3610.0,97072.0,274.0,85214.45
2022-10-20,Sports,West,Summer,13067.0,30933.0,214.0,78115.73
2022-10-21,Electronics,West,Spring,34872.0,82154.0,88.0,134787.52
2022-10-22,Sports,West,Autumn,11728.0,13307.0,164.0,56999.51
2022-10-23,Furniture,North,Spring,30566.0,97207.0,280.0,138701.08
2022-10-23,Sports,East,Winter,30783.0,80874.0,485.0,180193.01
2022-10-24,Electronics,East,Spring,21583.0,43346.0,494.0,179652.94
2022-10-25,Furniture,East,Spring,21238.0,55772.0,256.0,105477.71
2022-10-26,Sports,East,Winter,8263.0,77084.0,28.0,46497.44
2022-10-26,Furniture,South,Summer,2914.0,45149.0,355.0,121443.83
2022-10-27,Clothing,East,Summer,24749.0,91700.0,445.0,145817.88
2022-10-28,Clothing,South,Summer,20456.0,32526.0,35.0,43805.59
2022-10-28,Sports,South,Autumn,26582.0,90712.0,226.0,107236.52
2022-10-29,Furniture,West,Winter,1406.0,73477.0,163.0,110241.97
2022-10-30,Electronics,South,Winter,14689.0,10695.0,163.0,107080.36
2022-10-31,Sports,North,Spring,33934.0,44169.0,183.0,70460.28
2022-10-31,Clothing,South,Autumn,34276.0,52947.0,101.0,75583.22
2022-11-01,Clothing,West,Summer,37432.0,52224.0,442.0,181855.75
2022-11-02,Sports,South,Autumn,20873.0,50865.0,347.0,115838.1
2022-11-03,Furniture,North,Winter,14050.0,30553.0,489.0,190518.04
2022-11-03,Clothing,North,Winter,1680.0,65410.0,190.0,75917.21
2022-11-04,Furniture,North,Spring,19908.0,95895.0,140.0,98882.76
2022-11-05,Clothing,West,Spring,19504.0,29816.0,459.0,123309.02
2022-11-05,Clothing,West,Winter,22644.0,60026.0,490.0,225102.63
2022-11-06,Food,East,Summer,38125.0,55705.0,307.0,94751.26
2022-11-07,Clothing,West,Summer,2363.0,66922.0,284.0,102333.91
2022-11-08,Electronics,North,Autumn,43291.0,78914.0,282.0,193410.48
2022-11-08,Sports,North,Winter,36060.0,6881.0,426.0,124992.19
2022-11-09,Sports,West,Winter,2538.0,44567.0,85.0,52806.82
2022-11-10,Furniture,South,Summer,37176.0,52365.0,186.0,130129.37
2022-11-11,Clothing,West,Summer,42520.0,84211.0,193.0,150433.4
2022-11-11,Electronics,West,Winter,26675.0,75122.0,328.0,248053.53
2022-11-12,Furniture,North,Spring,19287.0,30006.0,140.0,71112.34
2022-11-13,Food,East,Winter,1174.0,46198.0,372.0,82814.8
2022-11-14,Furniture,North,Winter,27732.0,27831.0,58.0,79161.66
2022-11-14,Furniture,East,Summer,35998.0,21459.0,64.0,75157.73
2022-11-15,Clothing,North,Summer,38055.0,37443.0,163.0,98418.09
2022-11-16,Food,West,Spring,13112.0,47316.0,364.0,78410.95
2022-11-16,Furniture,North,Spring,40874.0,69486.0,209.0,123036.15
2022-11-17,Electronics,North,Autumn,10689.0,10877.0,317.0,106550.17
2022-11-18,Electronics,North,Winter,45814.0,44553.0,365.0,269082.83
2022-11-19,Sports,West,Summer,20555.0,9922.0,382.0,113885.5
2022-11-19,Food,West,Spring,34919.0,9686.0,127.0,56389.02
2022-11-20,Food,West,Autumn,8619.0,37766.0,272.0,69407.24
2022-11-21,Sports,West,Autumn,7033.0,84943.0,55.0,51410.68
2022-11-22,Furniture,East,Summer,42328.0,37006.0,311.0,142295.77
2022-11-22,Food,East,Summer,5946.0,36422.0,365.0,66224.27
2022-11-23,Electronics,South,Autumn,25618.0,17205.0,409.0,177670.11
2022-11-24,Electronics,West,Spring,35675.0,91590.0,417.0,242496.6
2022-11-24,Clothing,East,Autumn,37258.0,28527.0,198.0,73646.1
2022-11-25,Food,North,Winter,19919.0,23443.0,319.0,89144.26
2022-11-26,Furniture,West,Winter,5173.0,21524.0,327.0,152567.8
2022-11-27,Sports,South,Summer,44833.0,33202.0,138.0,89639.08
2022-11-27,Sports,South,Spring,27400.0,70552.0,58.0,60636.73
2022-11-28,Furniture,South,Spring,5769.0,51142.0,34.0,37269.48
2022-11-29,Clothing,North,Winter,38564.0,66692.0,275.0,148869.76
2022-11-30,Sports,East,Autumn,46814.0,87384.0,127.0,96667.99
2022-11-30,Food,North,Summer,15211.0,25855.0,473.0,87408.22
2022-12-01,Clothing,West,Autumn,24255.0,88747.0,153.0,97195.88
2022-12-02,Food,South,Autumn,28962.0,65372.0,451.0,121453.15
2022-12-03,Electronics,North,Autumn,20356.0,30095.0,209.0,109584.44
2022-12-03,Clothing,North,Spring,21306.0,43724.0,166.0,60059.79
2022-12-04,Sports,East,Winter,5997.0,54241.0,496.0,132874.63
2022-12-05,Clothing,East,Spring,18376.0,57003.0,357.0,93582.44
2022-12-05,Clothing,South,Winter,41880.0,73379.0,143.0,128608.91
2022-12-06,Clothing,North,Summer,39055.0,99837.0,409.0,178235.21
2022-12-07,Clothing,North,Summer,11578.0,96996.0,157.0,90750.56
2022-12-08,Food,East,Autumn,19624.0,99283.0,345.0,85552.3
2022-12-08,Electronics,North,Winter,40194.0,20972.0,80.0,128602.39
2022-12-09,Furniture,North,Winter,45367.0,98846.0,242.0,195652.49
2022-12-10,Clothing,North,Winter,1389.0,27927.0,343.0,100233.74
2022-12-11,Sports,East,Autumn,34767.0,71630.0,308.0,104452.33
2022-12-11,Clothing,South,Autumn,46580.0,57347.0,163.0,118076.94
2022-12-12,Sports,West,Summer,49367.0,93860.0,99.0,135450.82
2022-12-13,Food,South,Spring,2855.0,91210.0,343.0,73661.1
2022-12-13,Sports,West,Winter,41893.0,74518.0,208.0,162455.23
2022-12-14,Furniture,North,Winter,14794.0,50283.0,170.0,108874.38
2022-12-15,Electronics,South,Spring,36531.0,86326.0,35.0,126502.27
2022-12-16,Sports,West,Winter,5986.0,17205.0,130.0,47513.72
2022-12-16,Sports,East,Autumn,33298.0,94874.0,310.0,118284.27
2022-12-17,Electronics,East,Autumn,2481.0,17748.0,221.0,77731.54
2022-12-18,Furniture,South,Winter,4731.0,26097.0,72.0,46050.38
2022-12-19,Clothing,South,Autumn,17835.0,8092.0,460.0,129517.46
2022-12-19,Sports,North,Autumn,28798.0,58311.0,445.0,112754.96
2022-12-20,Electronics,South,Winter,27113.0,27692.0,77.0,99456.49
2022-12-21,Food,North,Summer,20477.0,28862.0,262.0,67092.63
2022-12-22,Electronics,North,Spring,18266.0,95396.0,419.0,193841.35
2022-12-22,Food,East,Autumn,21792.0,84507.0,468.0,104377.51
2022-12-23,Furniture,East,Summer,21452.0,85152.0,11.0,65668.02
2022-12-24,Clothing,West,Autumn,44526.0,75469.0,407.0,197008.93
2022-12-24,Electronics,East,Autumn,42334.0,9926.0,117.0,88770.55
2022-12-25,Sports,East,Spring,12889.0,96299.0,295.0,80980.75
2022-12-26,Furniture,South,Autumn,25335.0,8969.0,58.0,49517.56
2022-12-27,Electronics,East,Spring,12254.0,40733.0,149.0,76892.62
2022-12-27,Sports,West,Spring,22074.0,74855.0,227.0,106362.4
2022-12-28,Electronics,South,Spring,12442.0,46743.0,53.0,65312.52
2022-12-29,Food,West,Summer,47289.0,44876.0,426.0,152303.53
2022-12-30,Electronics,East,Winter,38327.0,25323.0,278.0,160445.11
2022-12-30,Electronics,West,Summer,17199.0,21428.0,87.0,83255.97
2022-12-31,Electronics,South,Winter,8291.0,39578.0,225.0,133419.64
2023-01-01,Furniture,North,Winter,41928.0,91486.0,391.0,233246.34
2023-01-01,Electronics,West,Spring,1112.0,69140.0,107.0,74428.55
2023-01-02,Sports,West,Autumn,22515.0,88829.0,245.0,116997.39
2023-01-03,Food,South,Spring,20581.0,11364.0,291.0,62929.27
2023-01-04,Food,South,Autumn,49692.0,40349.0,158.0,82707.96
2023-01-04,Electronics,West,Winter,27500.0,5691.0,421.0,243177.79
2023-01-05,Furniture,East,Spring,33026.0,71467.0,313.0,125631.44
2023-01-06,Furniture,West,Autumn,17523.0,50896.0,493.0,200903.84
2023-01-07,Sports,South,Summer,2424.0,62062.0,433.0,111187.94
2023-01-07,Electronics,North,Autumn,20552.0,84762.0,75.0,107874.65
2023-01-08,Food,North,Spring,11808.0,18861.0,243.0,47448.93
2023-01-09,Furniture,East,Summer,39811.0,93302.0,466.0,198034.04
2023-01-10,Electronics,West,Autumn,7989.0,68928.0,96.0,102749.91
2023-01-10,Furniture,North,Autumn,24620.0,88231.0,88.0,93843.78
2023-01-11,Furniture,West,Autumn,40029.0,46347.0,214.0,134874.53
2023-01-12,Food,South,Autumn,1887.0,8121.0,288.0,50251.33
2023-01-12,Clothing,North,Autumn,32802.0,88793.0,346.0,125505.53
2023-01-13,Sports,East,Summer,20488.0,33164.0,263.0,83864.81
2023-01-14,Sports,South,Winter,31013.0,30491.0,313.0,135357.52
2023-01-15,Food,East,Summer,17402.0,64222.0,389.0,98626.46
2023-01-15,Furniture,South,Summer,22205.0,28165.0,139.0,89336.38
2023-01-16,Electronics,North,Summer,27049.0,8748.0,93.0,78389.55
2023-01-17,Furniture,East,Winter,13253.0,31553.0,285.0,122270.34
2023-01-18,Food,East,Spring,19990.0,65380.0,196.0,51494.66
2023-01-18,Sports,South,Winter,8846.0,49331.0,55.0,47833.01
2023-01-19,Furniture,East,Summer,26027.0,44560.0,396.0,154788.56
2023-01-20,Sports,South,Autumn,40200.0,58865.0,192.0,91684.89
2023-01-20,Electronics,South,Autumn,47220.0,51686.0,277.0,193921.34
2023-01-21,Sports,South,Summer,47163.0,80910.0,305.0,160533.08
2023-01-22,Sports,South,Autumn,4765.0,9675.0,331.0,76712.01
2023-01-23,Clothing,North,Summer,16950.0,71706.0,109.0,65274.3
2023-01-23,Clothing,South,Autumn,46270.0,82986.0,87.0,95392.48
2023-01-24,Clothing,West,Winter,10741.0,81216.0,281.0,133928.36
2023-01-25,Sports,East,Spring,23742.0,15068.0,348.0,85051.51
2023-01-26,Food,West,Spring,25703.0,59460.0,171.0,64040.34
2023-01-26,Sports,North,Winter,39709.0,51418.0,53.0,82323.44
2023-01-27,Food,West,Winter,38623.0,31206.0,247.0,99885.34
2023-01-28,Food,East,Summer,23931.0,5287.0,143.0,42495.78
2023-01-29,Clothing,West,Summer,24580.0,27337.0,470.0,158203.49
2023-01-29,Furniture,North,Summer,16166.0,25666.0,201.0,92661.76
2023-01-30,Electronics,South,Autumn,30240.0,6161.0,365.0,159017.0
2023-01-31,Clothing,West,Summer,26991.0,95071.0,287.0,158574.95
2023-01-31,Clothing,North,Winter,39556.0,43751.0,27.0,72133.31
2023-02-01,Furniture,North,Spring,33969.0,87063.0,21.0,88284.11
2023-02-02,Electronics,East,Autumn,11561.0,94389.0,189.0,127196.34
2023-02-03,Sports,East,Summer,17901.0,19758.0,132.0,44535.67
2023-02-03,Sports,West,Autumn,41505.0,70780.0,255.0,137884.55
2023-02-04,Clothing,South,Autumn,31020.0,8178.0,231.0,87426.42
2023-02-05,Electronics,North,Summer,26917.0,36831.0,382.0,172181.82
2023-02-06,Clothing,West,Autumn,2988.0,7176.0,60.0,20180.57
2023-02-06,Food,North,Spring,49209.0,38654.0,497.0,105300.08
2023-02-07,Clothing,North,Winter,45505.0,31627.0,80.0,93930.43
2023-02-08,Clothing,South,Winter,15256.0,57550.0,489.0,185573.65
2023-02-08,Sports,South,Spring,23192.0,49910.0,57.0,46898.69
2023-02-09,Sports,West,Autumn,29230.0,95417.0,28.0,78001.48
2023-02-10,Sports,South,Summer,40930.0,63251.0,271.0,136619.75
2023-02-11,Food,South,Autumn,46833.0,40422.0,93.0,71814.92
2023-02-11,Sports,West,Spring,23625.0,16984.0,164.0,64319.09
2023-02-12,Electronics,South,Autumn,33088.0,94312.0,62.0,145183.51
2023-02-13,Furniture,East,Winter,15114.0,66386.0,116.0,92179.76
2023-02-14,Electronics,North,Autumn,42167.0,88291.0,366.0,212974.13
2023-02-14,Electronics,North,Spring,39401.0,12135.0,313.0,158093.25
2023-02-15,Sports,North,Winter,6755.0,5320.0,144.0,40840.6
2023-02-16,Furniture,North,Autumn,11825.0,99171.0,452.0,167595.67
2023-02-16,Furniture,West,Autumn,23693.0,26684.0,78.0,72925.08
2023-02-17,Furniture,North,Winter,5117.0,60913.0,20.0,52897.48
2023-02-18,Food,North,Summer,25729.0,93774.0,152.0,78932.4
2023-02-19,Sports,North,Winter,33182.0,26889.0,201.0,90823.08
2023-02-19,Furniture,North,Summer,29890.0,53899.0,396.0,165884.59
2023-02-20,Food,East,Spring,30340.0,15770.0,387.0,74310.16
2023-02-21,Clothing,North,Spring,2518.0,44321.0,78.0,32884.59
2023-02-22,Clothing,East,Winter,31949.0,90962.0,32.0,80963.06
2023-02-22,Food,West,Winter,23547.0,46777.0,190.0,91230.16
2023-02-23,Food,South,Spring,17346.0,51250.0,302.0,73606.75
2023-02-24,Sports,North,Summer,3600.0,78034.0,18.0,35455.41
2023-02-25,Sports,South,Spring,47005.0,45130.0,280.0,103840.54
2023-02-25,Clothing,South,Winter,30267.0,86931.0,396.0,178401.42
2023-02-26,Furniture,West,Spring,37322.0,54346.0,102.0,120571.36
2023-02-27,Clothing,South,Winter,27990.0,7537.0,463.0,155186.38
2023-02-27,Furniture,East,Winter,17193.0,89762.0,26.0,77120.22
2023-02-28,Furniture,South,Spring,31109.0,20216.0,163.0,90694.29
2023-03-01,Sports,South,Summer,20233.0,89149.0,414.0,140511.92
2023-03-02,Electronics,South,Autumn,49021.0,8009.0,337.0,173805.8
2023-03-02,Electronics,North,Spring,17194.0,94904.0,158.0,114470.14
2023-03-03,Food,North,Autumn,35510.0,34327.0,386.0,92098.12
2023-03-04,Sports,East,Spring,2306.0,19209.0,276.0,51742.5
2023-03-05,Furniture,East,Autumn,4849.0,53443.0,431.0,122896.24
2023-03-05,Electronics,North,Summer,13360.0,20029.0,337.0,137733.57
2023-03-06,Furniture,East,Summer,46536.0,72613.0,115.0,136611.17
2023-03-07,Electronics,North,Spring,30231.0,84443.0,481.0,213629.68
2023-03-07,Electronics,West,Winter,46800.0,61997.0,390.0,306073.69
2023-03-08,Electronics,South,Autumn,37963.0,67559.0,44.0,112892.63
2023-03-09,Sports,South,Winter,19689.0,69892.0,128.0,87217.27
2023-03-10,Clothing,East,Winter,30084.0,75409.0,23.0,78164.18
2023-03-10,Furniture,North,Winter,41387.0,13635.0,23.0,74606.57
2023-03-11,Sports,North,Summer,10280.0,38065.0,275.0,80254.71
2023-03-12,Sports,East,Spring,3642.0,38783.0,149.0,34866.14
2023-03-13,Sports,North,Spring,43137.0,39152.0,303.0,99240.18
2023-03-13,Sports,West,Summer,15296.0,63741.0,373.0,139847.58
2023-03-14,Sports,South,Summer,16438.0,56502.0,128.0,66389.68
2023-03-15,Food,East,Spring,49442.0,34092.0,247.0,75187.05
2023-03-16,Furniture,East,Winter,38525.0,22653.0,43.0,76815.45
2023-03-16,Sports,North,Autumn,3994.0,45469.0,178.0,52717.66
2023-03-17,Furniture,East,Autumn,48994.0,91483.0,19.0,94664.25
2023-03-18,Food,West,Autumn,35039.0,64754.0,131.0,81465.48
2023-03-18,Food,North,Winter,2813.0,34978.0,410.0,81622.0
2023-03-19,Furniture,North,Spring,28491.0,92592.0,154.0,118780.22
2023-03-20,Electronics,North,Summer,19845.0,99543.0,460.0,230504.38
2023-03-21,Clothing,North,Spring,42243.0,48169.0,455.0,146020.09
2023-03-21,Electronics,West,Winter,38164.0,53287.0,232.0,220083.4
2023-03-22,Electronics,North,Summer,43051.0,59745.0,380.0,244762.49
2023-03-23,Electronics,East,Winter,14318.0,10543.0,266.0,112142.24
2023-03-24,Sports,West,Autumn,18200.0,61392.0,277.0,96653.78
2023-03-24,Food,South,Autumn,1082.0,26067.0,368.0,66316.61
2023-03-25,Electronics,South,Winter,2920.0,56033.0,13.0,49760.63
2023-03-26,Food,East,Summer,41585.0,50256.0,435.0,104900.77
2023-03-26,Furniture,East,Summer,12683.0,95633.0,406.0,177948.95
2023-03-27,Clothing,West,Spring,12336.0,74345.0,363.0,136623.21
2023-03-28,Furniture,South,Autumn,16596.0,27191.0,115.0,65361.58
2023-03-29,Furniture,South,Spring,3093.0,91803.0,94.0,78952.46
2023-03-29,Sports,South,Spring,13905.0,77742.0,223.0,82891.4
2023-03-30,Clothing,South,Winter,25351.0,91593.0,130.0,110100.85
2023-03-31,Furniture,South,Winter,31981.0,33992.0,141.0,127063.38
2023-04-01,Furniture,North,Spring,9367.0,86531.0,347.0,132330.32
2023-04-01,Clothing,East,Autumn,6285.0,53803.0,206.0,68423.56
2023-04-02,Clothing,North,Winter,44664.0,68477.0,28.0,89906.82
2023-04-03,Furniture,South,Spring,38705.0,18210.0,139.0,97759.22
2023-04-04,Clothing,West,Spring,17753.0,88329.0,21.0,57488.04
2023-04-04,Furniture,West,Spring,19485.0,31270.0,90.0,63893.65
2023-04-05,Furniture,South,Spring,13977.0,67008.0,339.0,122075.19
2023-04-06,Sports,South,Spring,20874.0,10197.0,363.0,98761.56
2023-04-06,Electronics,West,Spring,8674.0,12452.0,271.0,117563.68
2023-04-07,Furniture,North,Winter,30038.0,46486.0,401.0,202318.76
2023-04-08,Food,North,Autumn,30315.0,19859.0,134.0,47635.15
2023-04-09,Electronics,South,Spring,4676.0,32236.0,316.0,115592.3
2023-04-09,Electronics,North,Summer,3426.0,36899.0,276.0,106314.63
2023-04-10,Electronics,West,Winter,25473.0,37083.0,456.0,268447.49
2023-04-11,Sports,North,Winter,3962.0,72708.0,450.0,128968.72
2023-04-12,Furniture,South,Spring,30943.0,21663.0,392.0,156204.86
2023-04-12,Sports,West,Winter,1859.0,98076.0,149.0,92119.13
2023-04-13,Furniture,North,Spring,45816.0,24053.0,338.0,129866.0
2023-04-14,Sports,East,Autumn,5138.0,16085.0,11.0,10495.72
2023-04-14,Sports,West,Autumn,36192.0,35564.0,17.0,53802.64
2023-04-15,Food,West,Winter,26640.0,94745.0,259.0,122147.71
2023-04-16,Sports,East,Winter,11409.0,64095.0,148.0,74630.25
2023-04-17,Clothing,East,Summer,5017.0,74517.0,133.0,62392.54
2023-04-17,Food,West,Winter,11451.0,26153.0,318.0,96332.28
2023-04-18,Sports,East,Summer,29327.0,10247.0,237.0,74109.72
2023-04-19,Electronics,South,Autumn,11278.0,15553.0,19.0,33431.86
2023-04-20,Clothing,South,Autumn,25944.0,25811.0,478.0,127998.43
2023-04-20,Clothing,South,Spring,44764.0,11135.0,221.0,102613.92
2023-04-21,Clothing,West,Autumn,2134.0,10573.0,121.0,36791.93
2023-04-22,Food,East,Summer,31131.0,84267.0,17.0,48409.87
2023-04-23,Sports,East,Winter,38887.0,12189.0,301.0,108832.51
2023-04-23,Sports,North,Spring,39462.0,85077.0,486.0,142630.91
2023-04-24,Electronics,North,Summer,23520.0,48646.0,371.0,188966.01
2023-04-25,Electronics,East,Winter,22869.0,81623.0,469.0,273935.2
2023-04-25,Clothing,East,Spring,37932.0,58687.0,262.0,101053.86
2023-04-26,Electronics,East,Autumn,6039.0,73312.0,23.0,54795.63
2023-04-27,Food,West,Summer,22281.0,32564.0,249.0,73406.22
2023-04-28,Sports,East,Winter,48399.0,33835.0,447.0,143710.52
2023-04-28,Clothing,North,Spring,11442.0,66587.0,251.0,75124.71
2023-04-29,Electronics,West,Spring,9252.0,12697.0,478.0,162341.42
2023-04-30,Food,East,Autumn,28586.0,85165.0,351.0,95150.15
2023-05-01,Food,North,Winter,18568.0,78922.0,158.0,76062.42
2023-05-01,Electronics,West,Autumn,21810.0,22046.0,245.0,127882.05
2023-05-02,Sports,East,Autumn,2551.0,62823.0,315.0,79789.42
2023-05-03,Electronics,East,Winter,13625.0,78580.0,487.0,222522.84
2023-05-03,Clothing,East,Winter,35397.0,58370.0,176.0,102786.24
2023-05-04,Electronics,West,Winter,27249.0,14615.0,29.0,81434.15
2023-05-05,Food,North,Summer,2361.0,10060.0,225.0,38987.99
2023-05-06,Electronics,North,Winter,27149.0,81436.0,352.0,220181.82
2023-05-06,Sports,South,Spring,5370.0,65519.0,144.0,54995.76
2023-05-07,Furniture,East,Autumn,6283.0,76117.0,402.0,129468.85
2023-05-08,Electronics,South,Summer,8610.0,66158.0,138.0,118521.32
2023-05-09,Sports,South,Winter,44326.0,39782.0,419.0,158014.12
2023-05-09,Sports,North,Summer,15924.0,90709.0,431.0,122851.99
2023-05-10,Food,West,Winter,48607.0,83533.0,303.0,139854.87
2023-05-11,Sports,West,Summer,45717.0,63255.0,255.0,145972.22
2023-05-12,Sports,North,Autumn,11626.0,77684.0,198.0,65551.62
2023-05-12,Sports,West,Autumn,35761.0,61918.0,53.0,81557.88
2023-05-13,Sports,South,Spring,1869.0,89284.0,95.0,51584.66
2023-05-14,Clothing,East,Spring,32552.0,84558.0,53.0,68034.78
2023-05-14,Clothing,North,Winter,2014.0,90549.0,339.0,125746.61
2023-05-15,Food,East,Autumn,11103.0,86422.0,384.0,77498.31
2023-05-16,Electronics,West,Summer,17986.0,30256.0,455.0,214047.02
2023-05-17,Sports,East,Summer,45781.0,35005.0,387.0,121815.48
2023-05-17,Electronics,West,Summer,31471.0,11638.0,399.0,223990.79
2023-05-18,Electronics,West,Spring,34458.0,42419.0,154.0,128988.4
2023-05-19,Food,South,Summer,26069.0,38377.0,60.0,43483.82
2023-05-20,Sports,West,Spring,17873.0,48116.0,251.0,95864.7
2023-05-20,Sports,South,Spring,24248.0,41634.0,303.0,84633.15
2023-05-21,Furniture,South,Winter,24624.0,87291.0,417.0,246677.55
2023-05-22,Electronics,South,Summer,44516.0,28382.0,60.0,127939.87
2023-05-22,Electronics,North,Summer,30061.0,61063.0,275.0,166068.65
2023-05-23,Clothing,North,Autumn,25170.0,27394.0,129.0,55726.99
2023-05-24,Furniture,West,Winter,9024.0,72789.0,209.0,131331.74
2023-05-25,Clothing,South,Autumn,17678.0,5864.0,414.0,112379.09
2023-05-25,Clothing,North,Winter,39256.0,45222.0,257.0,134014.73
2023-05-26,Clothing,South,Summer,21411.0,18666.0,79.0,55458.6
2023-05-27,Food,East,Spring,44803.0,25955.0,350.0,89381.54
2023-05-28,Food,East,Spring,20296.0,86845.0,66.0,46335.57
2023-05-28,Clothing,East,Spring,27293.0,74590.0,391.0,109190.89
2023-05-29,Furniture,West,Spring,28172.0,71471.0,48.0,87395.1
2023-05-30,Electronics,South,Spring,22128.0,93314.0,481.0,249305.51
2023-05-30,Furniture,East,Autumn,19257.0,48298.0,298.0,105123.74
2023-05-31,Sports,North,Winter,13855.0,68108.0,452.0,129880.17
2023-06-01,Food,East,Summer,20642.0,53924.0,27.0,37594.11
2023-06-02,Electronics,East,Autumn,36585.0,21709.0,449.0,181561.31
2023-06-02,Electronics,East,Winter,21025.0,14726.0,229.0,133952.69
2023-06-03,Sports,West,Spring,5458.0,65824.0,322.0,98458.41
2023-06-04,Sports,North,Winter,6307.0,45542.0,253.0,74384.27
2023-06-05,Clothing,South,Winter,42701.0,25245.0,361.0,179275.3
2023-06-05,Food,North,Spring,19425.0,39753.0,469.0,83783.26
2023-06-06,Food,South,Spring,44427.0,84788.0,313.0,103369.99
2023-06-07,Furniture,West,Spring,29273.0,26316.0,307.0,136531.64
2023-06-08,Clothing,West,Summer,39506.0,89698.0,292.0,154224.89
2023-06-08,Clothing,West,Spring,6668.0,20960.0,83.0,34640.1
2023-06-09,Clothing,West,Summer,26934.0,35791.0,119.0,76768.11
2023-06-10,Clothing,South,Spring,48195.0,30216.0,189.0,98295.29
2023-06-10,Food,East,Summer,8697.0,37467.0,435.0,79600.1
2023-06-11,Food,South,Winter,25417.0,69427.0,41.0,64212.81
2023-06-12,Clothing,North,Autumn,17446.0,67047.0,243.0,94244.06
2023-06-13,Furniture,West,Winter,41597.0,78290.0,291.0,218682.64
2023-06-13,Electronics,West,Winter,11751.0,52014.0,34.0,82278.63
2023-06-14,Electronics,North,Spring,47218.0,9078.0,340.0,160524.39
2023-06-15,Furniture,South,Summer,8352.0,83389.0,288.0,132211.25
2023-06-16,Clothing,East,Autumn,14516.0,55519.0,235.0,80570.03
2023-06-16,Food,East,Spring,24299.0,9042.0,66.0,28540.08
2023-06-17,Electronics,North,Spring,32957.0,54052.0,189.0,119769.99
2023-06-18,Sports,East,Spring,29927.0,19389.0,241.0,67038.29
2023-06-18,Sports,South,Winter,42094.0,73111.0,391.0,165559.0
2023-06-19,Furniture,South,Summer,37412.0,98715.0,352.0,218638.96
2023-06-20,Clothing,North,Summer,30493.0,55733.0,486.0,145425.09
2023-06-21,Electronics,South,Autumn,27711.0,39754.0,296.0,179051.13
2023-06-21,Clothing,West,Summer,9003.0,23624.0,73.0,44143.1
2023-06-22,Electronics,North,Summer,32707.0,90886.0,464.0,249084.3
2023-06-23,Furniture,South,Spring,4278.0,31681.0,241.0,82248.92
2023-06-24,Furniture,North,Spring,8296.0,94524.0,298.0,129375.44
2023-06-24,Sports,East,Winter,26398.0,86006.0,222.0,110158.28
2023-06-25,Clothing,South,Spring,36842.0,29704.0,267.0,96793.85
2023-06-26,Sports,West,Spring,14261.0,99913.0,27.0,58516.3
2023-06-27,Clothing,South,Spring,12173.0,99108.0,184.0,94609.42
2023-06-27,Sports,North,Spring,31449.0,12493.0,426.0,105032.29
2023-06-28,Food,North,Winter,42080.0,74639.0,238.0,110590.35
2023-06-29,Food,South,Spring,2637.0,59383.0,235.0,58630.12
2023-06-29,Food,West,Autumn,32781.0,7994.0,93.0,52081.81
2023-06-30,Food,West,Autumn,14652.0,74280.0,300.0,97114.39
2023-07-01,Electronics,West,Autumn,6103.0,52234.0,444.0,181645.51
2023-07-02,Food,North,Autumn,26500.0,52291.0,379.0,89363.5
2023-07-02,Furniture,South,Spring,35800.0,97868.0,255.0,166452.38
2023-07-03,Furniture,East,Autumn,36529.0,10594.0,411.0,147955.58
2023-07-04,Electronics,North,Spring,48963.0,12371.0,119.0,111650.24
2023-07-05,Food,West,Winter,19452.0,52315.0,263.0,92655.67
2023-07-05,Food,South,Autumn,32174.0,88564.0,97.0,73633.41
2023-07-06,Food,West,Summer,36436.0,84526.0,81.0,86431.99
2023-07-07,Sports,East,Autumn,48406.0,21626.0,390.0,104379.21
2023-07-07,Clothing,West,Autumn,16954.0,91005.0,39.0,70121.38
2023-07-08,Sports,West,Spring,18186.0,12130.0,181.0,55943.67
2023-07-09,Clothing,East,Autumn,13356.0,11828.0,318.0,71724.34
2023-07-10,Food,South,Summer,33963.0,62514.0,403.0,109434.69
2023-07-10,Food,North,Spring,3187.0,57664.0,352.0,64080.56
2023-07-11,Sports,South,Spring,12707.0,22883.0,445.0,102385.65
2023-07-12,Sports,East,Winter,36098.0,48059.0,186.0,99033.11
2023-07-13,Clothing,West,Winter,27935.0,89078.0,148.0,137782.64
2023-07-13,Furniture,South,Autumn,22225.0,47932.0,203.0,115766.71
2023-07-14,Clothing,North,Winter,4606.0,66269.0,195.0,77703.45
2023-07-15,Sports,East,Winter,33828.0,80986.0,227.0,107220.17
2023-07-16,Sports,South,Winter,27489.0,90959.0,173.0,126654.89
2023-07-16,Electronics,North,Spring,15387.0,7035.0,170.0,66921.28
2023-07-17,Sports,East,Spring,4927.0,45745.0,440.0,95731.69
2023-07-18,Electronics,North,Spring,7296.0,22241.0,22.0,30405.86
2023-07-18,Furniture,East,Winter,31444.0,57975.0,305.0,163600.17
2023-07-19,Clothing,West,Spring,47390.0,28154.0,98.0,96389.49
2023-07-20,Clothing,South,Winter,47893.0,30625.0,333.0,153761.53
2023-07-21,Electronics,North,Spring,3591.0,49950.0,51.0,44105.63
2023-07-21,Clothing,East,Spring,45895.0,61396.0,412.0,136990.89
2023-07-22,Sports,North,Summer,49516.0,18331.0,219.0,95663.53
2023-07-23,Food,North,Autumn,27147.0,68927.0,238.0,80123.25
2023-07-24,Electronics,South,Winter,39889.0,91226.0,359.0,265896.63
2023-07-24,Clothing,West,Summer,2200.0,89719.0,284.0,119199.0
2023-07-25,Electronics,North,Spring,16721.0,68014.0,451.0,185893.8
2023-07-26,Electronics,East,Winter,20238.0,44346.0,288.0,166535.36
2023-07-26,Food,East,Spring,12087.0,75411.0,260.0,57976.74
2023-07-27,Sports,West,Autumn,31816.0,59478.0,319.0,122906.81
2023-07-28,Electronics,East,Summer,24408.0,17254.0,217.0,120326.05
2023-07-29,Clothing,West,Autumn,40740.0,60734.0,330.0,142418.32
2023-07-29,Furniture,East,Summer,1136.0,33621.0,149.0,58216.57
2023-07-30,Electronics,South,Spring,18413.0,81441.0,289.0,165422.41
2023-07-31,Electronics,North,Autumn,49114.0,51121.0,43.0,121489.68
2023-08-01,Food,South,Autumn,19978.0,86418.0,318.0,97126.7
2023-08-01,Sports,North,Spring,1661.0,65197.0,401.0,83927.11
2023-08-02,Furniture,North,Autumn,36240.0,89577.0,27.0,95665.0
2023-08-03,Clothing,North,Winter,28253.0,99634.0,66.0,104490.74
2023-08-04,Furniture,South,Summer,27884.0,47431.0,121.0,102358.81
2023-08-04,Clothing,North,Summer,33854.0,9837.0,14.0,48483.56
2023-08-05,Sports,South,Summer,11704.0,95025.0,419.0,138813.42
2023-08-06,Clothing,West,Winter,39987.0,88163.0,423.0,211873.78
2023-08-06,Food,East,Summer,25527.0,76232.0,191.0,69171.99
2023-08-07,Food,East,Spring,17322.0,53994.0,22.0,31095.65
2023-08-08,Food,North,Autumn,48517.0,84079.0,348.0,105883.72
2023-08-09,Food,South,Winter,7968.0,17615.0,294.0,77044.77
2023-08-09,Furniture,East,Summer,28518.0,6466.0,268.0,114560.04
2023-08-10,Sports,South,Spring,47364.0,35771.0,99.0,74500.54
2023-08-11,Clothing,South,Autumn,28886.0,88886.0,113.0,84772.2
2023-08-12,Clothing,North,Autumn,2700.0,70911.0,388.0,107477.47
2023-08-12,Food,East,Winter,29246.0,25746.0,195.0,64572.34
2023-08-13,Food,North,Winter,36468.0,93422.0,259.0,118738.64
2023-08-14,Electronics,North,Winter,24199.0,65739.0,264.0,182001.7
2023-08-14,Sports,East,Spring,45589.0,78369.0,85.0,75780.88
2023-08-15,Furniture,East,Spring,33115.0,6893.0,395.0,132084.02
2023-08-16,Clothing,West,Winter,6520.0,35573.0,468.0,157364.96
2023-08-17,Electronics,West,Summer,45278.0,45874.0,117.0,165847.8
2023-08-17,Electronics,South,Autumn,37455.0,82362.0,165.0,161030.91
2023-08-18,Clothing,East,Autumn,21929.0,92460.0,91.0,68669.07
2023-08-19,Furniture,West,Spring,42605.0,38367.0,86.0,105835.76
2023-08-20,Electronics,South,Autumn,15955.0,26199.0,494.0,209092.98
2023-08-20,Electronics,South,Summer,45049.0,96404.0,479.0,302904.97
2023-08-21,Sports,South,Autumn,14917.0,79328.0,469.0,135430.98
2023-08-22,Furniture,West,Spring,5757.0,62724.0,267.0,118152.19
2023-08-22,Electronics,East,Spring,14045.0,91133.0,136.0,96198.44
2023-08-23,Furniture,North,Summer,42680.0,41405.0,494.0,198886.35
2023-08-24,Clothing,South,Summer,5733.0,20989.0,400.0,116927.64
2023-08-25,Food,West,Autumn,31954.0,33931.0,291.0,94056.11
2023-08-25,Electronics,West,Autumn,32135.0,14290.0,483.0,235932.05
2023-08-26,Sports,North,Spring,8081.0,43367.0,97.0,38533.15
2023-08-27,Clothing,North,Summer,42458.0,84878.0,213.0,114232.67
2023-08-28,Furniture,West,Summer,24501.0,95477.0,25.0,110169.6
2023-08-28,Clothing,East,Summer,22113.0,84481.0,160.0,88049.62
2023-08-29,Electronics,North,Autumn,35441.0,81298.0,433.0,224473.55
2023-08-30,Furniture,West,Summer,48086.0,35133.0,263.0,177961.34
2023-08-31,Food,North,Spring,25690.0,32052.0,197.0,49247.03
2023-08-31,Clothing,East,Spring,44939.0,90489.0,338.0,121773.01
2023-09-01,Electronics,South,Autumn,30345.0,45475.0,41.0,99877.71
2023-09-02,Sports,North,Winter,47313.0,87666.0,280.0,149023.0
2023-09-02,Furniture,East,Autumn,45571.0,62656.0,494.0,192255.66
2023-09-03,Clothing,West,Winter,27829.0,9633.0,406.0,146680.48
2023-09-04,Clothing,North,Summer,36062.0,22304.0,14.0,47140.14
2023-09-05,Food,North,Autumn,4630.0,51546.0,468.0,88120.88
2023-09-05,Food,West,Spring,48861.0,12008.0,339.0,101794.19
2023-09-06,Sports,South,Summer,32870.0,53291.0,317.0,125220.69
2023-09-07,Sports,West,Spring,48221.0,32405.0,342.0,124715.48
2023-09-08,Electronics,North,Summer,45942.0,41386.0,178.0,164737.26
2023-09-08,Electronics,West,Autumn,4453.0,95909.0,190.0,128819.06
2023-09-09,Sports,East,Winter,38275.0,25827.0,375.0,120567.61
2023-09-10,Sports,West,Summer,44370.0,38040.0,187.0,112892.16
2023-09-10,Furniture,North,Winter,39396.0,65354.0,152.0,137988.3
2023-09-11,Food,West,Summer,9328.0,83543.0,371.0,103982.47
2023-09-12,Electronics,South,Spring,16534.0,23157.0,257.0,119651.59
2023-09-13,Food,West,Spring,20744.0,40315.0,136.0,54617.69
2023-09-13,Food,South,Summer,20389.0,40932.0,272.0,84128.89
2023-09-14,Sports,East,Winter,37320.0,26164.0,49.0,60200.12
2023-09-15,Furniture,South,Autumn,36010.0,19414.0,421.0,154943.13
2023-09-16,Clothing,West,Autumn,15665.0,19327.0,425.0,118487.28
2023-09-16,Furniture,North,Spring,38865.0,5946.0,364.0,143810.36
2023-09-17,Furniture,South,Autumn,9640.0,19693.0,264.0,93978.55
2023-09-18,Food,East,Spring,35716.0,32241.0,152.0,54382.95
2023-09-19,Furniture,South,Autumn,26521.0,20540.0,249.0,101093.41
2023-09-19,Electronics,South,Summer,31049.0,77255.0,237.0,190971.93
2023-09-20,Food,South,Spring,6618.0,69757.0,350.0,70725.81
2023-09-21,Electronics,East,Spring,38004.0,46203.0,207.0,130570.3
2023-09-21,Clothing,West,Summer,2920.0,30081.0,74.0,40324.31
2023-09-22,Food,South,Spring,44937.0,66861.0,397.0,125119.97
2023-09-23,Clothing,South,Autumn,5188.0,16350.0,20.0,16844.3
2023-09-24,Food,North,Autumn,13207.0,60512.0,117.0,43358.9
2023-09-24,Sports,East,Spring,1238.0,61809.0,35.0,28203.38
2023-09-25,Furniture,South,Autumn,33972.0,47832.0,454.0,196523.84
2023-09-26,Sports,East,Winter,11799.0,33369.0,430.0,104121.65
2023-09-27,Clothing,South,Spring,6552.0,36728.0,160.0,52778.91
2023-09-27,Furniture,West,Summer,29916.0,22576.0,230.0,127963.48
2023-09-28,Food,West,Winter,5927.0,34001.0,350.0,94116.59
2023-09-29,Furniture,South,Spring,28964.0,88384.0,246.0,141595.05
2023-09-29,Electronics,West,Summer,12164.0,5390.0,246.0,121817.52
2023-09-30,Furniture,South,Autumn,38158.0,92535.0,228.0,155643.52
2023-10-01,Electronics,West,Summer,20071.0,50436.0,496.0,244668.6
2023-10-02,Furniture,North,Winter,49409.0,16569.0,433.0,213582.17
2023-10-02,Electronics,North,Autumn,7160.0,18029.0,470.0,164482.99
2023-10-03,Clothing,North,Spring,16810.0,27490.0,160.0,56632.69
2023-10-04,Sports,East,Autumn,6126.0,50875.0,132.0,42432.23
2023-10-05,Food,East,Spring,31009.0,10867.0,153.0,47419.28
2023-10-05,Furniture,North,Spring,34584.0,85820.0,487.0,205333.53
2023-10-06,Sports,East,Summer,47182.0,14121.0,198.0,81136.16
2023-10-07,Food,West,Summer,26396.0,6539.0,264.0,70675.73
2023-10-08,Food,South,Summer,1192.0,96024.0,77.0,49302.21
2023-10-08,Electronics,South,Winter,37413.0,22027.0,113.0,146700.44
2023-10-09,Clothing,South,Winter,13816.0,79229.0,345.0,162457.58
2023-10-10,Clothing,North,Summer,40082.0,13921.0,168.0,91400.65
2023-10-10,Sports,East,Winter,33130.0,55435.0,318.0,125879.84
2023-10-11,Clothing,West,Autumn,41142.0,15310.0,371.0,141699.37
2023-10-12,Furniture,West,Autumn,37468.0,68965.0,418.0,194025.03
2023-10-13,Clothing,North,Winter,31698.0,74922.0,309.0,139483.92
2023-10-13,Sports,West,Winter,11655.0,98948.0,405.0,169802.74
2023-10-14,Clothing,West,Autumn,48897.0,87839.0,99.0,124563.96
2023-10-15,Furniture,West,Spring,31075.0,17242.0,366.0,154629.2
2023-10-16,Electronics,West,Autumn,10359.0,13947.0,265.0,124185.37
2023-10-16,Sports,East,Autumn,37661.0,76466.0,362.0,112621.06
2023-10-17,Electronics,West,Winter,40579.0,66816.0,229.0,247065.62
2023-10-18,Electronics,South,Autumn,43056.0,53785.0,18.0,101645.47
2023-10-18,Electronics,North,Winter,34272.0,5507.0,21.0,74092.28
2023-10-19,Food,East,Winter,43581.0,71972.0,334.0,124363.12
2023-10-20,Food,West,Summer,15671.0,32151.0,447.0,115113.05
2023-10-21,Electronics,East,Autumn,28048.0,16618.0,253.0,128896.86
2023-10-21,Sports,West,Spring,11738.0,79286.0,191.0,77985.3
2023-10-22,Furniture,South,Summer,26963.0,21122.0,293.0,136299.28
2023-10-23,Furniture,North,Winter,44954.0,12354.0,321.0,165409.32
2023-10-24,Clothing,West,Winter,7773.0,35979.0,108.0,61434.47
2023-10-24,Sports,West,Spring,37584.0,91436.0,206.0,125015.53
2023-10-25,Food,West,Winter,30894.0,84376.0,491.0,180041.27
2023-10-26,Electronics,West,Autumn,1717.0,57774.0,375.0,183002.74
2023-10-27,Clothing,North,Summer,12676.0,10037.0,235.0,62833.85
2023-10-27,Furniture,North,Winter,5434.0,33633.0,342.0,137759.38
2023-10-28,Food,South,Winter,38825.0,29495.0,112.0,66557.79
2023-10-29,Food,North,Spring,30100.0,69550.0,115.0,60325.91
2023-10-29,Electronics,West,Autumn,5994.0,86384.0,374.0,190155.39
2023-10-30,Furniture,South,Winter,5234.0,41483.0,377.0,151154.56
2023-10-31,Sports,South,Spring,4764.0,78373.0,67.0,45330.78
2023-11-01,Food,South,Winter,44949.0,39069.0,87.0,85048.2
2023-11-01,Electronics,West,Spring,38405.0,12370.0,84.0,92406.92
2023-11-02,Sports,East,Spring,35872.0,76947.0,51.0,60270.65
2023-11-03,Furniture,West,Autumn,43215.0,44133.0,431.0,227711.08
2023-11-04,Food,North,Winter,24185.0,5692.0,333.0,81349.46
2023-11-04,Sports,North,Autumn,44442.0,33926.0,190.0,80578.57
2023-11-05,Sports,West,Spring,42153.0,78984.0,42.0,82842.16
2023-11-06,Sports,West,Summer,12999.0,48390.0,80.0,54756.09
2023-11-06,Food,South,Winter,37487.0,54593.0,65.0,78223.76
2023-11-07,Food,West,Summer,3581.0,80609.0,114.0,57703.63
2023-11-08,Clothing,South,Winter,3763.0,10209.0,209.0,64283.74
2023-11-09,Furniture,North,Autumn,28374.0,11533.0,110.0,73750.62
2023-11-09,Electronics,South,Autumn,39759.0,91597.0,265.0,204466.62
2023-11-10,Sports,West,Autumn,11531.0,12211.0,316.0,76176.64
2023-11-11,Clothing,North,Autumn,26307.0,14927.0,83.0,45571.98
2023-11-12,Electronics,East,Autumn,31835.0,82463.0,180.0,136852.54
2023-11-12,Clothing,South,Summer,12064.0,29594.0,386.0,108058.61
2023-11-13,Food,North,Autumn,12312.0,79852.0,152.0,58280.14
2023-11-14,Sports,South,Spring,38548.0,82713.0,175.0,104390.82
2023-11-15,Electronics,North,Spring,37945.0,81382.0,408.0,199073.21
2023-11-15,Electronics,North,Summer,48937.0,12933.0,270.0,176046.2
2023-11-16,Electronics,South,Winter,7476.0,45696.0,230.0,145661.75
2023-11-17,Electronics,East,Spring,25565.0,70449.0,92.0,103070.07
2023-11-17,Electronics,North,Winter,3382.0,72616.0,191.0,133839.7
2023-11-18,Clothing,North,Summer,23463.0,11089.0,316.0,96197.4
2023-11-19,Sports,North,Winter,46276.0,61548.0,19.0,88001.6
2023-11-20,Food,East,Winter,34402.0,31123.0,405.0,109840.29
2023-11-20,Food,East,Winter,27345.0,12797.0,13.0,31073.89
2023-11-21,Food,West,Winter,45764.0,55013.0,360.0,138801.84
2023-11-22,Food,South,Summer,27946.0,13346.0,411.0,92707.86
2023-11-23,Clothing,East,Spring,15162.0,90414.0,345.0,104357.12
2023-11-23,Furniture,South,Autumn,47773.0,38672.0,497.0,205510.3
2023-11-24,Sports,West,Winter,9397.0,22653.0,301.0,92264.75
2023-11-25,Electronics,South,Spring,23335.0,54556.0,290.0,162429.15
2023-11-25,Furniture,East,Spring,46095.0,31140.0,224.0,103105.59
2023-11-26,Food,South,Summer,15394.0,6184.0,469.0,98060.11
2023-11-27,Furniture,East,Spring,28197.0,39493.0,107.0,72462.69
2023-11-28,Sports,South,Summer,23010.0,49148.0,429.0,148395.84
2023-11-28,Electronics,East,Winter,25123.0,29846.0,110.0,100942.82
2023-11-29,Electronics,East,Winter,23387.0,27195.0,460.0,194514.19
2023-11-30,Sports,South,Autumn,3890.0,10606.0,18.0,11544.75
2023-12-01,Sports,West,Autumn,28769.0,8956.0,70.0,53598.94
2023-12-01,Food,North,Autumn,44626.0,21555.0,318.0,93363.54
2023-12-02,Electronics,West,Spring,9026.0,95385.0,155.0,125848.4
2023-12-03,Furniture,South,Winter,4306.0,23690.0,436.0,157061.35
2023-12-03,Clothing,West,Summer,34665.0,63502.0,428.0,198734.72
2023-12-04,Clothing,East,Autumn,10277.0,53849.0,72.0,39505.92
2023-12-05,Sports,North,Summer,43239.0,31347.0,130.0,82175.84
2023-12-06,Food,South,Summer,48664.0,96321.0,235.0,115140.78
2023-12-06,Clothing,South,Autumn,49008.0,54056.0,114.0,91291.34
2023-12-07,Electronics,South,Winter,15683.0,68851.0,471.0,259149.88
2023-12-08,Sports,North,Autumn,1670.0,86502.0,269.0,74452.19
2023-12-09,Furniture,East,Summer,24675.0,86418.0,358.0,168895.48
2023-12-09,Sports,South,Autumn,18889.0,75211.0,434.0,142295.17
2023-12-10,Furniture,West,Summer,45535.0,46850.0,264.0,177821.28
2023-12-11,Sports,South,Summer,14006.0,83545.0,438.0,150727.6
2023-12-12,Sports,South,Autumn,49536.0,32843.0,443.0,134192.91
2023-12-12,Sports,South,Spring,27531.0,67320.0,216.0,90979.57
2023-12-13,Furniture,South,Autumn,22639.0,34793.0,37.0,54002.59
2023-12-14,Furniture,East,Spring,17633.0,44516.0,179.0,84111.72
2023-12-14,Sports,West,Summer,35660.0,22857.0,345.0,139317.2
2023-12-15,Clothing,East,Summer,4439.0,24627.0,85.0,32037.75
2023-12-16,Food,West,Spring,33172.0,66822.0,125.0,75131.82
2023-12-17,Food,South,Summer,36622.0,89101.0,78.0,79383.21
2023-12-17,Food,North,Spring,12577.0,96561.0,363.0,92022.55
2023-12-18,Furniture,East,Spring,12763.0,57248.0,243.0,94857.11
2023-12-19,Furniture,North,Summer,21176.0,60798.0,10.0,68647.26
2023-12-20,Clothing,East,Winter,45386.0,98368.0,176.0,137137.13
2023-12-20,Food,South,Spring,25255.0,49116.0,361.0,81443.09
2023-12-21,Food,East,Autumn,42003.0,80318.0,227.0,82830.77
2023-12-22,Sports,South,Autumn,20996.0,92902.0,282.0,102246.56
2023-12-22,Furniture,East,Summer,36386.0,33557.0,377.0,159772.72
2023-12-23,Food,South,Winter,22062.0,76334.0,260.0,102022.12
2023-12-24,Clothing,South,Summer,36931.0,80163.0,356.0,166398.09
2023-12-25,Clothing,West,Winter,36710.0,83002.0,353.0,181045.21
2023-12-25,Food,South,Spring,35693.0,47614.0,428.0,99500.77
2023-12-26,Furniture,West,Spring,36740.0,17720.0,183.0,111690.4
2023-12-27,Clothing,South,Spring,12705.0,62608.0,179.0,80287.28
2023-12-28,Sports,North,Spring,44408.0,77095.0,255.0,104114.04
2023-12-28,Clothing,South,Autumn,29047.0,89694.0,432.0,156905.15
2023-12-29,Electronics,North,Autumn,11966.0,92593.0,99.0,102895.68
2023-12-30,Electronics,North,Summer,18374.0,40892.0,58.0,75362.89
2023-12-31,Furniture,South,Winter,12138.0,82242.0,455.0,211294.59
2023-12-31,Food,North,Spring,16935.0,82606.0,303.0,74056.9
2024-01-01,Furniture,West,Spring,46913.0,5924.0,416.0,172737.33
2024-01-02,Furniture,East,Winter,1489.0,56322.0,159.0,84930.79
2024-01-02,Furniture,South,Winter,45516.0,31478.0,141.0,133110.64
2024-01-03,Furniture,North,Summer,23260.0,76042.0,442.0,181055.03
2024-01-04,Sports,South,Winter,27069.0,51418.0,68.0,67319.49
2024-01-05,Sports,West,Spring,20275.0,67217.0,466.0,132489.67
2024-01-05,Clothing,South,Spring,37284.0,95140.0,333.0,151001.77
2024-01-06,Electronics,South,Spring,40178.0,85846.0,208.0,165867.31
2024-01-07,Furniture,North,Spring,33821.0,78762.0,224.0,115809.74
2024-01-08,Clothing,West,Spring,17999.0,16781.0,395.0,112725.33
2024-01-08,Electronics,East,Summer,39712.0,10515.0,58.0,77379.16
2024-01-09,Food,East,Spring,41172.0,41133.0,481.0,92062.57
2024-01-10,Sports,North,Summer,34722.0,87508.0,241.0,121096.35
2024-01-10,Electronics,South,Spring,11625.0,81946.0,256.0,150892.68
2024-01-11,Food,North,Autumn,2629.0,90058.0,391.0,89829.81
2024-01-12,Electronics,North,Autumn,11973.0,14095.0,488.0,176102.56
2024-01-13,Sports,North,Autumn,7859.0,93583.0,248.0,85682.27
2024-01-13,Sports,South,Autumn,42609.0,25470.0,424.0,121838.16
2024-01-14,Clothing,West,Summer,44307.0,48129.0,376.0,185963.46
2024-01-15,Furniture,North,Summer,46450.0,13531.0,177.0,124980.23
2024-01-16,Electronics,South,Winter,37046.0,42038.0,57.0,138575.84
2024-01-16,Electronics,West,Spring,22839.0,92939.0,60.0,119332.29
2024-01-17,Food,North,Autumn,28216.0,47674.0,308.0,74312.12
2024-01-18,Sports,East,Summer,19945.0,99658.0,107.0,79530.4
2024-01-19,Electronics,West,Spring,7539.0,87476.0,448.0,224625.65
2024-01-19,Sports,North,Spring,34625.0,34831.0,225.0,86693.84
2024-01-20,Electronics,West,Summer,5886.0,62174.0,186.0,118564.03
2024-01-21,Clothing,West,Autumn,46713.0,16279.0,389.0,143767.38
2024-01-21,Furniture,West,Winter,8485.0,43220.0,483.0,203321.03
2024-01-22,Electronics,West,Spring,32455.0,65610.0,89.0,134889.39
2024-01-23,Sports,West,Winter,47448.0,57719.0,194.0,135719.67
2024-01-24,Clothing,West,Autumn,17767.0,58051.0,376.0,121564.21
2024-01-24,Electronics,North,Autumn,48165.0,77013.0,470.0,274638.65
2024-01-25,Food,East,Winter,29453.0,61652.0,408.0,103863.8
2024-01-26,Furniture,South,Autumn,11744.0,70524.0,36.0,66463.84
2024-01-27,Electronics,West,Spring,38102.0,87936.0,461.0,264857.71
2024-01-27,Clothing,South,Winter,13226.0,11470.0,473.0,155773.91
2024-01-28,Food,North,Autumn,28869.0,72598.0,457.0,108357.16
2024-01-29,Clothing,West,Winter,23588.0,46798.0,487.0,214290.0
2024-01-29,Clothing,East,Spring,14440.0,58473.0,423.0,114492.72
2024-01-30,Food,South,Autumn,32709.0,24880.0,429.0,91851.64
2024-01-31,Clothing,West,Spring,48788.0,49439.0,204.0,111297.29
2024-02-01,Food,North,Autumn,23495.0,19308.0,223.0,52107.91
2024-02-01,Electronics,East,Summer,38019.0,96563.0,378.0,236009.63
2024-02-02,Food,South,Autumn,45948.0,40081.0,351.0,113627.12
2024-02-03,Food,South,Winter,49908.0,80242.0,123.0,105261.74
2024-02-04,Furniture,West,Autumn,1922.0,55383.0,251.0,107723.15
2024-02-04,Food,East,Spring,28526.0,14837.0,133.0,37859.38
2024-02-05,Food,East,Spring,8957.0,57151.0,314.0,64780.35
2024-02-06,Electronics,East,Autumn,49564.0,41824.0,85.0,127514.33
2024-02-07,Furniture,East,Winter,34998.0,38073.0,320.0,154451.21
2024-02-07,Sports,North,Summer,44395.0,98648.0,478.0,172886.07
2024-02-08,Electronics,East,Winter,25031.0,31299.0,321.0,158153.02
2024-02-09,Electronics,South,Summer,11006.0,63861.0,205.0,135270.92
2024-02-09,Sports,South,Spring,38701.0,35063.0,360.0,115594.75
2024-02-10,Food,North,Winter,48063.0,74453.0,53.0,74702.48
2024-02-11,Clothing,South,Summer,26939.0,73472.0,424.0,160833.29
2024-02-12,Furniture,South,Autumn,21324.0,19506.0,195.0,87370.58
2024-02-12,Clothing,East,Spring,23867.0,99341.0,352.0,116439.51
2024-02-13,Sports,South,Autumn,1203.0,84854.0,255.0,83568.95
2024-02-14,Electronics,North,Spring,17544.0,31026.0,446.0,146469.66
2024-02-15,Electronics,East,Winter,16899.0,32672.0,93.0,87178.01
2024-02-15,Furniture,West,Winter,30063.0,43417.0,216.0,169498.73
2024-02-16,Electronics,East,Spring,26344.0,57413.0,160.0,103682.52
2024-02-17,Electronics,North,Spring,4748.0,70066.0,165.0,81245.1
2024-02-17,Furniture,East,Spring,40486.0,64213.0,25.0,82974.17
2024-02-18,Furniture,East,Winter,2093.0,55971.0,174.0,90073.63
2024-02-19,Sports,North,Summer,16228.0,32281.0,414.0,101657.17
2024-02-20,Electronics,East,Autumn,21884.0,33091.0,472.0,170154.7
2024-02-20,Electronics,North,Autumn,26183.0,55494.0,154.0,107458.65
2024-02-21,Sports,North,Winter,17034.0,23610.0,46.0,40090.11
2024-02-22,Food,West,Autumn,6710.0,6079.0,342.0,61750.74
2024-02-23,Food,South,Spring,43500.0,51751.0,412.0,107811.44
2024-02-23,Food,South,Summer,20259.0,91126.0,423.0,126613.59
2024-02-24,Sports,East,Autumn,36959.0,60432.0,54.0,61959.14
2024-02-25,Electronics,East,Summer,34457.0,35951.0,411.0,192186.3
2024-02-26,Sports,West,Spring,21143.0,85863.0,215.0,97321.31
2024-02-26,Sports,West,Autumn,3103.0,83291.0,71.0,53490.22
2024-02-27,Food,West,Winter,1365.0,64872.0,429.0,107424.01
2024-02-28,Clothing,North,Summer,47778.0,12235.0,365.0,122124.61
2024-02-28,Electronics,West,Spring,45535.0,87733.0,477.0,312202.8
2024-02-29,Food,West,Summer,17103.0,67712.0,317.0,92729.64
2024-03-01,Clothing,East,Autumn,33510.0,26473.0,28.0,48551.39
2024-03-02,Clothing,West,Autumn,25476.0,72567.0,374.0,161035.15
2024-03-02,Furniture,North,Winter,13742.0,84823.0,309.0,154037.24
2024-03-03,Electronics,North,Spring,13391.0,37230.0,16.0,42575.15
2024-03-04,Clothing,East,Spring,37940.0,89573.0,258.0,110860.6
2024-03-05,Food,West,Winter,29901.0,97588.0,437.0,179448.85
2024-03-05,Furniture,West,Winter,33001.0,73876.0,126.0,171817.09
2024-03-06,Electronics,North,Spring,16623.0,45644.0,77.0,72698.81
2024-03-07,Sports,West,Summer,3378.0,53664.0,43.0,35162.8
2024-03-07,Food,West,Summer,22372.0,50203.0,203.0,81417.65
2024-03-08,Clothing,West,Winter,45799.0,71677.0,334.0,198994.56
2024-03-09,Clothing,South,Summer,39437.0,30425.0,64.0,75873.41
2024-03-10,Food,East,Spring,36503.0,89817.0,275.0,75765.94
2024-03-10,Clothing,South,Autumn,31746.0,90961.0,489.0,163891.31
2024-03-11,Furniture,East,Autumn,28923.0,74806.0,51.0,84273.32
2024-03-12,Electronics,North,Summer,10867.0,47814.0,306.0,141387.22
2024-03-13,Furniture,West,Winter,42258.0,75219.0,470.0,285104.18
2024-03-13,Clothing,East,Winter,34724.0,54646.0,240.0,116060.3
2024-03-14,Sports,South,Winter,10306.0,44884.0,462.0,153305.81
2024-03-15,Electronics,West,Winter,40391.0,74322.0,387.0,332101.64
2024-03-15,Electronics,North,Winter,15908.0,26650.0,403.0,181291.74
2024-03-16,Food,East,Summer,28081.0,99242.0,19.0,50021.11
2024-03-17,Food,East,Autumn,38228.0,14190.0,367.0,76695.55
2024-03-18,Sports,East,Autumn,24386.0,43196.0,484.0,124986.84
2024-03-18,Electronics,West,Summer,47754.0,44449.0,453.0,301651.19
2024-03-19,Sports,South,Winter,46406.0,44661.0,137.0,112546.59
2024-03-20,Food,South,Summer,29302.0,34709.0,188.0,72010.84
2024-03-21,Food,East,Autumn,20212.0,85428.0,414.0,90775.2
2024-03-21,Electronics,North,Spring,36618.0,80179.0,401.0,216844.76
2024-03-22,Furniture,North,Summer,47067.0,14943.0,202.0,125534.9
2024-03-23,Clothing,South,Winter,11698.0,48240.0,101.0,61763.19
2024-03-24,Food,North,Autumn,5594.0,50760.0,378.0,66844.65
2024-03-24,Food,South,Autumn,26525.0,26042.0,240.0,68099.73
2024-03-25,Furniture,East,Autumn,15282.0,48894.0,87.0,64984.31
2024-03-26,Furniture,South,Autumn,15334.0,11869.0,94.0,49862.69
2024-03-26,Sports,South,Winter,30179.0,66078.0,39.0,84153.07
2024-03-27,Sports,East,Spring,7644.0,61759.0,222.0,63748.55
2024-03-28,Clothing,North,Autumn,36618.0,49306.0,58.0,63155.98
2024-03-29,Clothing,South,Summer,48701.0,60371.0,274.0,135205.86
2024-03-29,Electronics,South,Spring,33933.0,25918.0,154.0,105734.95
2024-03-30,Sports,East,Autumn,44469.0,33379.0,78.0,65732.88
2024-03-31,Food,North,Spring,34687.0,95810.0,67.0,56291.08
2024-04-01,Sports,South,Summer,42073.0,88232.0,194.0,120964.14
2024-04-01,Food,East,Autumn,18375.0,7962.0,71.0,24910.79
2024-04-02,Furniture,South,Summer,49483.0,18851.0,488.0,234877.61
2024-04-03,Sports,West,Winter,31926.0,50747.0,317.0,139825.53
2024-04-03,Furniture,East,Autumn,37607.0,57349.0,454.0,169419.52
2024-04-04,Clothing,North,Autumn,18642.0,75832.0,305.0,104786.86
2024-04-05,Clothing,North,Autumn,24993.0,61356.0,175.0,82125.67
2024-04-06,Electronics,North,Autumn,45386.0,19745.0,180.0,139180.48
2024-04-06,Sports,North,Winter,47287.0,10730.0,72.0,69274.91
2024-04-07,Furniture,South,Autumn,22188.0,18921.0,156.0,86121.96
2024-04-08,Food,South,Spring,33596.0,76138.0,493.0,127154.4
2024-04-09,Clothing,North,Autumn,28772.0,88111.0,315.0,123204.63
2024-04-09,Clothing,North,Winter,31857.0,24023.0,170.0,94402.94
2024-04-10,Food,North,Autumn,11776.0,50349.0,150.0,43657.13
2024-04-11,Furniture,South,Spring,33835.0,86533.0,343.0,159921.31
2024-04-12,Furniture,North,Winter,10788.0,88286.0,106.0,102779.71
2024-04-12,Sports,North,Winter,6660.0,46979.0,455.0,125989.17
2024-04-13,Sports,West,Spring,5478.0,27837.0,230.0,64086.17
2024-04-14,Electronics,West,Spring,9210.0,19997.0,52.0,44239.57
2024-04-14,Clothing,North,Spring,11922.0,93603.0,442.0,134849.63
2024-04-15,Sports,East,Spring,37289.0,50039.0,301.0,95685.88
2024-04-16,Furniture,North,Spring,34340.0,25923.0,387.0,128343.9
2024-04-17,Food,West,Winter,40850.0,13876.0,117.0,75600.82
2024-04-17,Furniture,East,Winter,39163.0,65973.0,275.0,179893.2
2024-04-18,Clothing,East,Autumn,49175.0,7887.0,104.0,72630.66
2024-04-19,Furniture,North,Autumn,19642.0,68723.0,271.0,121113.27
2024-04-20,Electronics,West,Summer,12094.0,47422.0,322.0,193508.81
2024-04-20,Clothing,West,Autumn,23423.0,56413.0,394.0,136622.88
2024-04-21,Food,East,Autumn,34418.0,7841.0,80.0,36931.42
2024-04-22,Electronics,North,Spring,6741.0,33756.0,451.0,161639.69
2024-04-22,Clothing,South,Spring,47049.0,76576.0,228.0,135070.29
2024-04-23,Food,South,Autumn,7838.0,15304.0,30.0,16561.49
2024-04-24,Electronics,West,Summer,4262.0,35341.0,101.0,77638.94
2024-04-25,Electronics,South,Spring,5996.0,9758.0,136.0,51106.01
2024-04-25,Clothing,West,Autumn,45594.0,22010.0,89.0,91547.67
2024-04-26,Sports,West,Autumn,23164.0,65758.0,321.0,115465.72
2024-04-27,Electronics,West,Winter,36595.0,36658.0,247.0,203155.71
2024-04-28,Electronics,South,Summer,31257.0,54002.0,480.0,244333.96
2024-04-28,Food,West,Winter,15211.0,6375.0,381.0,98367.97
2024-04-29,Furniture,East,Summer,31453.0,27092.0,413.0,148308.03
2024-04-30,Clothing,North,Spring,6232.0,5490.0,495.0,93576.01
2024-05-01,Clothing,North,Summer,3217.0,8729.0,191.0,43292.9
2024-05-01,Sports,West,Autumn,25229.0,10974.0,34.0,37991.0
2024-05-02,Sports,North,Autumn,15232.0,90216.0,165.0,74989.11
2024-05-03,Clothing,South,Summer,26613.0,88860.0,14.0,75089.96
2024-05-03,Sports,South,Summer,15026.0,26398.0,129.0,52996.27
2024-05-04,Food,North,Summer,29554.0,39650.0,286.0,85185.11
2024-05-05,Clothing,South,Winter,31908.0,26292.0,27.0,69347.84
2024-05-06,Sports,North,Summer,20610.0,8159.0,440.0,112961.74
2024-05-06,Clothing,North,Spring,47646.0,67766.0,207.0,103787.43
2024-05-07,Furniture,North,Winter,40605.0,99887.0,66.0,147980.01
2024-05-08,Electronics,West,Winter,8031.0,22065.0,102.0,74050.96
2024-05-09,Clothing,North,Summer,48574.0,26638.0,28.0,65241.02
2024-05-09,Electronics,West,Spring,26515.0,6073.0,393.0,171617.79
2024-05-10,Sports,North,Winter,37484.0,51511.0,362.0,151406.37
2024-05-11,Electronics,North,Autumn,37182.0,89307.0,202.0,155797.22
2024-05-11,Clothing,North,Winter,1570.0,34320.0,246.0,68982.81
2024-05-12,Furniture,South,Summer,33254.0,74876.0,396.0,190654.35
2024-05-13,Sports,West,Spring,20288.0,39924.0,435.0,132215.28
2024-05-14,Clothing,West,Summer,14288.0,86720.0,286.0,136613.71
2024-05-14,Sports,North,Autumn,30877.0,45734.0,236.0,81055.56
2024-05-15,Food,North,Autumn,19889.0,73116.0,242.0,70842.86
2024-05-16,Electronics,South,Autumn,1917.0,45025.0,49.0,46807.87
2024-05-17,Food,South,Summer,11066.0,99503.0,332.0,103893.85
2024-05-17,Clothing,South,Winter,30504.0,7159.0,162.0,82603.73
2024-05-18,Furniture,West,Summer,7982.0,53940.0,136.0,95425.15
2024-05-19,Sports,West,Spring,40104.0,84436.0,246.0,119747.97
2024-05-20,Electronics,West,Winter,19062.0,81976.0,495.0,332810.31
2024-05-20,Sports,North,Autumn,17999.0,19678.0,64.0,31195.13
2024-05-21,Clothing,West,Summer,10941.0,66075.0,477.0,161584.62
2024-05-22,Sports,East,Autumn,24470.0,52204.0,445.0,108586.56
2024-05-22,Electronics,East,Autumn,46148.0,17021.0,181.0,125283.35
2024-05-23,Clothing,South,Spring,22133.0,11772.0,118.0,47006.05
2024-05-24,Sports,West,Winter,45435.0,72163.0,363.0,204155.57
2024-05-25,Furniture,East,Spring,5529.0,78755.0,478.0,134120.21
2024-05-25,Clothing,South,Spring,18519.0,28464.0,193.0,71486.41
2024-05-26,Clothing,West,Spring,13192.0,56137.0,448.0,144476.86
2024-05-27,Furniture,North,Autumn,9566.0,35232.0,377.0,119223.94
2024-05-28,Food,East,Spring,8226.0,66497.0,480.0,88301.61
2024-05-28,Electronics,North,Spring,38930.0,79024.0,207.0,159627.6
2024-05-29,Food,West,Winter,22259.0,56448.0,380.0,125083.5
2024-05-30,Sports,East,Winter,35087.0,89517.0,382.0,161874.8
2024-05-30,Furniture,West,Spring,2141.0,5901.0,470.0,127701.67
2024-05-31,Food,North,Winter,5627.0,92980.0,96.0,55530.65
2024-06-01,Clothing,East,Winter,48269.0,88597.0,210.0,150334.1
2024-06-02,Sports,North,Spring,3690.0,7881.0,346.0,61414.28
2024-06-02,Sports,West,Autumn,41091.0,34863.0,331.0,123789.06
2024-06-03,Food,West,Spring,4255.0,10622.0,284.0,52693.89
2024-06-04,Food,North,Winter,6213.0,6378.0,220.0,49631.54
2024-06-05,Furniture,East,Autumn,37876.0,88168.0,400.0,189709.5
2024-06-05,Electronics,North,Summer,20404.0,98847.0,127.0,135820.22
2024-06-06,Food,West,Autumn,26380.0,76186.0,200.0,86578.86
2024-06-07,Food,North,Winter,26520.0,50201.0,51.0,55538.92
2024-06-08,Clothing,West,Autumn,20173.0,64251.0,51.0,59884.41
2024-06-08,Sports,North,Spring,24989.0,77572.0,324.0,95634.44
2024-06-09,Electronics,East,Summer,43570.0,44255.0,285.0,186187.38
2024-06-10,Clothing,East,Summer,25519.0,68212.0,338.0,127833.55
2024-06-10,Furniture,North,Summer,23439.0,55210.0,26.0,72474.7
2024-06-11,Furniture,North,Winter,12413.0,27499.0,292.0,118809.15
2024-06-12,Food,East,Winter,15995.0,56628.0,440.0,97720.23
2024-06-13,Food,West,Summer,24559.0,66360.0,267.0,97639.35
2024-06-13,Furniture,East,Autumn,46351.0,9603.0,72.0,71861.93
2024-06-14,Food,West,Summer,24513.0,98309.0,71.0,71114.15
2024-06-15,Electronics,North,Autumn,6021.0,90473.0,109.0,96275.24
2024-06-16,Food,North,Autumn,33464.0,17632.0,28.0,31357.42
2024-06-16,Sports,West,Winter,22119.0,35607.0,26.0,59016.65
2024-06-17,Food,North,Autumn,30299.0,96873.0,334.0,96300.49
2024-06-18,Clothing,West,Summer,40350.0,70756.0,432.0,199680.15
2024-06-18,Electronics,South,Winter,47223.0,51994.0,475.0,294461.87
2024-06-19,Clothing,East,Spring,26517.0,68382.0,382.0,109219.97
2024-06-20,Clothing,South,Spring,14117.0,75354.0,255.0,87422.54
2024-06-21,Sports,West,Winter,23250.0,61344.0,260.0,142460.54
2024-06-21,Electronics,East,Summer,19950.0,58775.0,464.0,215398.45
2024-06-22,Electronics,West,Spring,18359.0,12349.0,90.0,68330.35
2024-06-23,Electronics,East,Spring,24596.0,76154.0,48.0,80326.12
2024-06-24,Electronics,East,Autumn,26530.0,32464.0,45.0,73584.25
2024-06-24,Electronics,East,Autumn,2262.0,47624.0,433.0,140996.68
2024-06-25,Sports,East,Summer,41150.0,42344.0,438.0,124711.77
2024-06-26,Food,West,Winter,23615.0,88791.0,397.0,149395.08
2024-06-26,Clothing,East,Summer,4327.0,29299.0,495.0,123468.29
2024-06-27,Electronics,East,Winter,30768.0,52975.0,418.0,206661.8
2024-06-28,Food,South,Spring,29850.0,6462.0,206.0,53210.48
2024-06-29,Food,North,Autumn,43788.0,86441.0,167.0,88409.58
2024-06-29,Clothing,North,Summer,17848.0,95456.0,213.0,96517.69
2024-06-30,Sports,South,Summer,47830.0,86788.0,205.0,122031.94
2024-07-01,Furniture,South,Winter,40542.0,45581.0,225.0,173699.74
2024-07-02,Furniture,West,Winter,16160.0,76289.0,294.0,200533.39
2024-07-02,Food,West,Summer,34998.0,19175.0,466.0,128145.07
2024-07-03,Clothing,West,Winter,28230.0,11191.0,205.0,116623.35
2024-07-04,Furniture,South,Summer,10076.0,88434.0,316.0,161152.95
2024-07-05,Food,South,Summer,4805.0,89518.0,161.0,57126.57
2024-07-05,Sports,East,Summer,32085.0,85158.0,23.0,72169.38
2024-07-06,Furniture,West,Spring,15715.0,71537.0,334.0,148649.89
2024-07-07,Food,West,Winter,6750.0,52645.0,155.0,59745.51
2024-07-07,Food,West,Autumn,49395.0,28283.0,435.0,129913.17
2024-07-08,Electronics,North,Autumn,14232.0,91971.0,66.0,88761.83
2024-07-09,Sports,East,Winter,36903.0,97759.0,220.0,114458.13
2024-07-10,Electronics,West,Summer,7953.0,64123.0,277.0,150166.62
2024-07-10,Clothing,West,Autumn,33093.0,35024.0,219.0,104520.73
2024-07-11,Electronics,West,Autumn,26500.0,54630.0,26.0,100436.62
2024-07-12,Electronics,North,Winter,23418.0,35734.0,295.0,174963.19
2024-07-13,Furniture,North,Autumn,35314.0,5515.0,353.0,143526.81
2024-07-13,Food,South,Summer,49225.0,71727.0,212.0,101037.68
2024-07-14,Sports,East,Winter,23449.0,51216.0,108.0,65363.31
2024-07-15,Electronics,South,Summer,18478.0,76833.0,288.0,171954.58
2024-07-15,Sports,East,Autumn,36179.0,63755.0,218.0,82670.11
2024-07-16,Electronics,North,Autumn,47881.0,32856.0,138.0,124556.9
2024-07-17,Clothing,West,Summer,26338.0,78870.0,344.0,168867.85
2024-07-18,Electronics,South,Spring,27899.0,29162.0,297.0,161873.49
2024-07-18,Furniture,West,Autumn,5145.0,11008.0,261.0,96377.17
2024-07-19,Food,South,Spring,33101.0,12987.0,274.0,66973.38
2024-07-20,Clothing,North,Autumn,3775.0,67532.0,280.0,88524.82
2024-07-21,Electronics,North,Spring,46961.0,8332.0,421.0,179411.32
2024-07-21,Sports,North,Spring,32647.0,71323.0,417.0,111696.2
2024-07-22,Clothing,South,Spring,46619.0,43990.0,197.0,113474.75
2024-07-23,Clothing,East,Summer,46838.0,14873.0,428.0,142926.98
2024-07-24,Electronics,South,Spring,20539.0,87542.0,223.0,140655.37
2024-07-24,Clothing,East,Spring,37738.0,90761.0,292.0,113769.97
2024-07-25,Sports,South,Spring,27616.0,41444.0,220.0,78229.98
2024-07-26,Clothing,South,Autumn,15119.0,40340.0,374.0,116562.58
2024-07-26,Sports,North,Spring,26159.0,10033.0,85.0,39979.82
2024-07-27,Electronics,West,Autumn,38099.0,78324.0,157.0,193035.88
2024-07-28,Food,West,Spring,11295.0,20689.0,330.0,63695.48
2024-07-29,Clothing,East,Spring,35710.0,92134.0,222.0,99080.52
2024-07-29,Food,West,Summer,25685.0,5066.0,442.0,109355.51
2024-07-30,Sports,South,Autumn,26479.0,50246.0,118.0,68595.33
2024-07-31,Clothing,South,Spring,47172.0,12533.0,138.0,79078.34
2024-08-01,Furniture,North,Autumn,34629.0,85639.0,19.0,92647.2
2024-08-01,Food,North,Autumn,43043.0,75152.0,56.0,66414.78
2024-08-02,Clothing,West,Winter,18033.0,64658.0,388.0,187384.06
2024-08-03,Food,East,Summer,37902.0,43498.0,324.0,95948.43
2024-08-03,Clothing,West,Summer,45571.0,16772.0,105.0,101432.86
2024-08-04,Electronics,West,Summer,16408.0,94385.0,455.0,275229.14
2024-08-05,Food,West,Winter,18420.0,54036.0,112.0,71405.79
2024-08-06,Furniture,West,Winter,17351.0,63531.0,389.0,205223.78
2024-08-06,Furniture,South,Summer,5131.0,17940.0,351.0,115510.61
2024-08-07,Sports,East,Winter,45825.0,21932.0,155.0,87018.61
2024-08-08,Clothing,South,Winter,12349.0,61827.0,377.0,144869.92
2024-08-09,Food,East,Winter,45254.0,66431.0,439.0,129769.17
2024-08-09,Sports,North,Summer,39225.0,29648.0,425.0,143739.64
2024-08-10,Food,West,Summer,39847.0,37966.0,36.0,58182.39
2024-08-11,Clothing,South,Summer,13453.0,32777.0,229.0,76702.07
2024-08-12,Furniture,East,Winter,19814.0,37567.0,27.0,58054.54
2024-08-12,Electronics,North,Summer,19263.0,22174.0,176.0,91431.43
2024-08-13,Furniture,North,Winter,13158.0,47598.0,442.0,163818.42
2024-08-14,Sports,West,Spring,16735.0,64199.0,486.0,131503.86
2024-08-14,Electronics,East,Winter,16830.0,18798.0,91.0,72291.67
2024-08-15,Sports,South,Autumn,48893.0,70364.0,437.0,157662.12
2024-08-16,Clothing,West,Summer,45673.0,22558.0,81.0,97339.23
2024-08-17,Electronics,South,Summer,24926.0,66084.0,319.0,209056.75
2024-08-17,Sports,North,Autumn,46066.0,49237.0,488.0,142047.04
2024-08-18,Clothing,South,Winter,35779.0,70497.0,263.0,148013.31
2024-08-19,Furniture,South,Spring,4373.0,5178.0,171.0,48798.51
2024-08-20,Clothing,West,Autumn,11335.0,91006.0,336.0,138385.35
2024-08-20,Food,South,Autumn,24741.0,22118.0,429.0,85910.3
2024-08-21,Clothing,West,Winter,11692.0,27616.0,411.0,133965.71
2024-08-22,Clothing,North,Summer,48295.0,5798.0,47.0,69315.55
2024-08-22,Food,West,Winter,46541.0,12601.0,452.0,152075.31
2024-08-23,Sports,West,Autumn,35057.0,30363.0,402.0,125100.42
2024-08-24,Sports,East,Autumn,2447.0,7795.0,210.0,37200.02
2024-08-25,Clothing,South,Summer,20583.0,50264.0,209.0,103734.23
2024-08-25,Food,North,Summer,23765.0,77833.0,264.0,90929.93
2024-08-26,Food,West,Summer,24906.0,8084.0,188.0,65417.29
2024-08-27,Furniture,North,Winter,20567.0,81646.0,44.0,92387.82
2024-08-28,Sports,East,Summer,15139.0,5731.0,91.0,33158.93
2024-08-28,Electronics,South,Autumn,47525.0,6129.0,398.0,226656.0
2024-08-29,Sports,West,Autumn,39230.0,33022.0,407.0,155057.43
2024-08-30,Sports,South,Spring,20520.0,6605.0,229.0,60189.91
2024-08-31,Furniture,East,Winter,20702.0,82506.0,167.0,130587.53
2024-08-31,Electronics,East,Spring,26566.0,49130.0,13.0,60951.87
2024-09-01,Furniture,North,Autumn,8657.0,34265.0,176.0,64743.3
2024-09-02,Electronics,West,Spring,38688.0,37330.0,477.0,254240.07
2024-09-02,Clothing,North,Autumn,31134.0,73469.0,457.0,142762.37
2024-09-03,Electronics,East,Spring,11345.0,20187.0,418.0,144579.99
2024-09-04,Furniture,South,Summer,42185.0,30791.0,421.0,184837.72
2024-09-05,Sports,North,Spring,28413.0,95436.0,213.0,91853.57
2024-09-05,Electronics,North,Summer,6208.0,75610.0,203.0,130332.52
2024-09-06,Electronics,South,Summer,34455.0,96962.0,244.0,229497.76
2024-09-07,Food,North,Winter,29018.0,44867.0,215.0,75102.05
2024-09-08,Sports,South,Summer,46991.0,5893.0,159.0,85611.64
2024-09-08,Clothing,West,Summer,9080.0,24773.0,168.0,67641.62
2024-09-09,Furniture,South,Spring,22902.0,9239.0,288.0,98857.4
2024-09-10,Clothing,West,Autumn,10486.0,25863.0,313.0,104333.93
2024-09-10,Sports,South,Winter,39862.0,56415.0,413.0,188684.44
2024-09-11,Electronics,East,Summer,22158.0,73968.0,390.0,180645.17
2024-09-12,Electronics,East,Winter,41460.0,65430.0,175.0,162407.26
2024-09-13,Sports,West,Spring,44856.0,6515.0,320.0,103912.58
2024-09-13,Electronics,West,Summer,36871.0,19605.0,77.0,126115.66
2024-09-14,Electronics,East,Spring,36208.0,61240.0,472.0,189638.04
2024-09-15,Electronics,West,Winter,21519.0,10586.0,97.0,96471.6
2024-09-16,Furniture,South,Spring,32379.0,36186.0,226.0,115394.69
2024-09-16,Furniture,South,Winter,29378.0,31928.0,10.0,75644.66
2024-09-17,Food,East,Spring,40892.0,88087.0,144.0,63119.61
2024-09-18,Clothing,North,Winter,15031.0,92029.0,194.0,101364.64
2024-09-19,Sports,South,Autumn,15536.0,25711.0,360.0,102326.6
2024-09-19,Sports,West,Spring,1446.0,59962.0,149.0,59247.97
2024-09-20,Sports,North,Spring,37683.0,25039.0,115.0,63796.84
2024-09-21,Food,North,Autumn,49555.0,41561.0,142.0,62706.35
2024-09-21,Furniture,South,Autumn,18618.0,80483.0,117.0,94648.88
2024-09-22,Food,South,Spring,7587.0,86395.0,187.0,60958.83
2024-09-23,Sports,North,Autumn,32480.0,93658.0,307.0,110451.84
2024-09-24,Clothing,North,Summer,33994.0,6577.0,367.0,125741.79
2024-09-24,Electronics,East,Winter,21527.0,33350.0,389.0,195330.92
2024-09-25,Furniture,West,Winter,24569.0,38798.0,405.0,196943.44
2024-09-26,Furniture,East,Winter,12151.0,86417.0,368.0,182058.51
2024-09-27,Food,South,Summer,6558.0,15785.0,155.0,41298.39
2024-09-27,Furniture,East,Autumn,45739.0,77227.0,459.0,176179.36
2024-09-28,Sports,East,Autumn,33954.0,66957.0,83.0,65930.11
2024-09-29,Sports,East,Spring,48448.0,70431.0,472.0,131197.79
2024-09-29,Food,East,Autumn,48327.0,22297.0,487.0,104016.11
2024-09-30,Sports,West,Spring,44837.0,76894.0,117.0,94495.16
2024-10-01,Clothing,West,Summer,36303.0,68772.0,131.0,116593.09
2024-10-02,Food,North,Winter,35700.0,24581.0,26.0,50875.06
2024-10-02,Clothing,South,Winter,28500.0,60192.0,205.0,122954.15
2024-10-03,Electronics,East,Winter,3032.0,6462.0,336.0,111585.55
2024-10-04,Clothing,North,Autumn,2252.0,69173.0,327.0,92385.72
2024-10-05,Electronics,North,Spring,6509.0,20511.0,306.0,99775.29
2024-10-05,Electronics,North,Spring,38842.0,81106.0,488.0,247968.32
2024-10-06,Clothing,West,Summer,14900.0,53665.0,261.0,109779.51
2024-10-07,Food,East,Autumn,15523.0,49414.0,496.0,85643.99
2024-10-07,Sports,East,Summer,2881.0,86010.0,128.0,53339.89
2024-10-08,Sports,South,Spring,34037.0,77573.0,171.0,97096.28
2024-10-09,Electronics,East,Spring,2630.0,98665.0,207.0,102277.6
2024-10-10,Electronics,East,Winter,21789.0,18386.0,495.0,227617.1
2024-10-10,Food,North,Autumn,23523.0,59460.0,54.0,39806.91
2024-10-11,Furniture,South,Spring,18958.0,11221.0,323.0,106579.96
2024-10-12,Clothing,East,Winter,47151.0,28474.0,188.0,109592.43
2024-10-13,Electronics,West,Autumn,49920.0,26045.0,391.0,262703.94
2024-10-13,Sports,East,Summer,44852.0,96319.0,427.0,168186.18
2024-10-14,Food,North,Autumn,2695.0,9922.0,53.0,11638.27
2024-10-15,Clothing,West,Autumn,15821.0,27706.0,280.0,92508.77
2024-10-16,Food,North,Spring,4262.0,47771.0,87.0,25768.65
2024-10-16,Clothing,East,Spring,2445.0,57335.0,335.0,79281.42
2024-10-17,Clothing,West,Autumn,17436.0,57949.0,187.0,89080.01
2024-10-18,Electronics,South,Spring,10949.0,75714.0,366.0,184726.88
2024-10-18,Food,South,Spring,24963.0,20240.0,425.0,96539.5
2024-10-19,Food,West,Spring,30932.0,96756.0,460.0,129506.53
2024-10-20,Sports,West,Winter,7901.0,7716.0,12.0,17877.9
2024-10-21,Sports,North,Winter,34487.0,21574.0,223.0,104192.55
2024-10-21,Electronics,West,Autumn,9597.0,88255.0,351.0,208948.12
2024-10-22,Electronics,North,Spring,7855.0,78717.0,83.0,68661.28
2024-10-23,Furniture,East,Winter,19678.0,49066.0,60.0,70472.86
2024-10-24,Sports,North,Autumn,9263.0,66826.0,76.0,44179.05
2024-10-24,Clothing,West,Spring,48288.0,25213.0,341.0,132598.35
2024-10-25,Food,West,Summer,26805.0,76916.0,102.0,69830.89
2024-10-26,Electronics,East,Spring,27143.0,71151.0,185.0,109891.15
2024-10-26,Food,West,Spring,12874.0,55906.0,154.0,55738.37
2024-10-27,Food,West,Winter,28529.0,5463.0,16.0,35923.03
2024-10-28,Furniture,South,Autumn,21866.0,36973.0,278.0,110866.26
2024-10-29,Sports,South,Autumn,15079.0,79694.0,385.0,112666.42
2024-10-29,Electronics,East,Winter,8243.0,25651.0,331.0,150720.64
2024-10-30,Food,North,Spring,30872.0,73694.0,13.0,46964.9
2024-10-31,Electronics,South,Summer,10018.0,25008.0,147.0,85249.9
2024-11-01,Clothing,North,Spring,13100.0,75474.0,240.0,81554.31
2024-11-01,Furniture,West,Spring,20800.0,43185.0,97.0,87056.13
2024-11-02,Clothing,South,Summer,27910.0,92924.0,26.0,77213.07
2024-11-03,Electronics,East,Winter,30437.0,79417.0,61.0,120178.29
2024-11-04,Electronics,East,Autumn,38588.0,76139.0,143.0,129335.9
2024-11-04,Sports,East,Winter,12001.0,39980.0,220.0,69312.91
2024-11-05,Food,South,Winter,47675.0,27504.0,334.0,121188.0
2024-11-06,Food,North,Spring,20942.0,59970.0,489.0,105278.75
2024-11-06,Clothing,West,Autumn,21862.0,21766.0,467.0,145514.19
2024-11-07,Furniture,North,Autumn,12669.0,98922.0,402.0,154899.3
2024-11-08,Food,North,Winter,16916.0,16695.0,228.0,67068.59
2024-11-09,Sports,West,Summer,11878.0,22796.0,214.0,66893.12
2024-11-09,Clothing,West,Winter,3985.0,47543.0,220.0,88971.54
2024-11-10,Clothing,South,Summer,33369.0,19559.0,286.0,116062.23
2024-11-11,Sports,South,Autumn,9112.0,38139.0,33.0,30782.42
2024-11-12,Furniture,South,Winter,42235.0,13802.0,495.0,218464.48
2024-11-12,Sports,South,Spring,19931.0,78843.0,13.0,49297.82
2024-11-13,Furniture,South,Winter,28340.0,45205.0,161.0,133386.37
2024-11-14,Sports,West,Autumn,1336.0,39159.0,452.0,116160.73
2024-11-14,Sports,North,Spring,43933.0,16516.0,492.0,128752.87
2024-11-15,Electronics,South,Spring,20363.0,55492.0,268.0,139616.28
2024-11-16,Clothing,South,Summer,46536.0,34086.0,333.0,135839.75
2024-11-17,Sports,North,Spring,4968.0,35480.0,366.0,75355.49
2024-11-17,Sports,South,Spring,34678.0,57091.0,177.0,80001.39
2024-11-18,Food,North,Winter,49400.0,52766.0,185.0,105930.97
2024-11-19,Clothing,North,Autumn,17279.0,43737.0,319.0,93772.83
2024-11-20,Food,West,Summer,4129.0,14265.0,300.0,62920.84
2024-11-20,Clothing,East,Winter,39215.0,75990.0,488.0,198814.41
2024-11-21,Food,West,Spring,39897.0,96717.0,65.0,76306.0
2024-11-22,Sports,East,Spring,6850.0,20386.0,117.0,29300.19
2024-11-23,Sports,East,Summer,21588.0,42425.0,482.0,130606.95
2024-11-23,Electronics,East,Autumn,41214.0,48254.0,305.0,179623.48
2024-11-24,Food,South,Summer,12949.0,94863.0,470.0,128765.13
2024-11-25,Furniture,West,Winter,9519.0,58634.0,333.0,159929.14
2024-11-25,Electronics,East,Summer,27375.0,91717.0,311.0,191417.86
2024-11-26,Food,North,Spring,34082.0,52662.0,343.0,89542.1
2024-11-27,Food,South,Winter,12737.0,91988.0,150.0,71947.48
2024-11-28,Electronics,West,Spring,2134.0,92527.0,164.0,110443.83
2024-11-28,Sports,East,Autumn,11938.0,80452.0,271.0,87804.83
2024-11-29,Food,North,Spring,25486.0,15143.0,282.0,54701.18
2024-11-30,Sports,West,Spring,49356.0,96391.0,429.0,184089.99
2024-12-01,Electronics,West,Summer,27096.0,20581.0,241.0,158144.83
2024-12-01,Sports,South,Spring,42115.0,72443.0,250.0,111242.15
2024-12-02,Clothing,West,Winter,6592.0,34424.0,364.0,118460.83
2024-12-03,Furniture,South,Winter,19108.0,93844.0,346.0,217567.05
2024-12-03,Food,East,Autumn,18270.0,46984.0,498.0,90234.71
2024-12-04,Furniture,South,Winter,28649.0,46505.0,267.0,166340.13
2024-12-05,Sports,North,Summer,11997.0,67699.0,258.0,89865.76
2024-12-06,Food,South,Autumn,34489.0,31957.0,86.0,54166.03
2024-12-06,Sports,North,Winter,10104.0,30464.0,189.0,71111.64
2024-12-07,Clothing,South,Summer,1870.0,28649.0,75.0,32598.24
2024-12-08,Electronics,West,Winter,29684.0,47065.0,317.0,235039.64
2024-12-09,Food,East,Winter,40519.0,97661.0,357.0,139740.66
2024-12-09,Clothing,North,Spring,35524.0,39758.0,180.0,83112.87
2024-12-10,Clothing,South,Winter,31957.0,10596.0,483.0,166639.37
2024-12-11,Food,South,Winter,34885.0,21374.0,31.0,46407.74
2024-12-12,Sports,South,Summer,45369.0,8775.0,376.0,141736.36
2024-12-12,Clothing,West,Summer,36596.0,32388.0,116.0,90813.05
2024-12-13,Furniture,West,Spring,30866.0,26029.0,448.0,185222.37
2024-12-14,Clothing,North,Winter,31676.0,88981.0,332.0,157935.52
2024-12-14,Sports,North,Spring,48764.0,58639.0,236.0,95109.34
2024-12-15,Sports,West,Winter,14878.0,19645.0,453.0,150132.4
2024-12-16,Furniture,North,Autumn,40760.0,36105.0,451.0,159592.86
2024-12-17,Clothing,East,Autumn,28559.0,18668.0,405.0,104919.05
2024-12-17,Sports,East,Spring,47546.0,20960.0,225.0,82348.81
2024-12-18,Food,West,Spring,7771.0,16357.0,78.0,24334.53
2024-12-19,Electronics,North,Spring,17526.0,69604.0,93.0,92306.93
2024-12-20,Electronics,South,Summer,30896.0,56796.0,112.0,142075.62
2024-12-20,Electronics,East,Summer,32923.0,20804.0,48.0,82470.27
2024-12-21,Clothing,West,Summer,37203.0,19626.0,22.0,58552.08
2024-12-22,Furniture,North,Spring,40390.0,33132.0,306.0,124138.49
2024-12-22,Sports,West,Winter,13852.0,12951.0,322.0,109360.87
2024-12-23,Food,South,Autumn,48574.0,11449.0,190.0,79989.99
2024-12-24,Food,East,Spring,44391.0,24065.0,277.0,76888.86
2024-12-25,Clothing,West,Summer,2848.0,14130.0,22.0,17371.37
2024-12-25,Electronics,West,Summer,32027.0,94360.0,129.0,174862.26
2024-12-26,Clothing,West,Spring,36464.0,67287.0,467.0,169520.27
2024-12-27,Furniture,South,Spring,35485.0,56702.0,362.0,163538.9
2024-12-28,Furniture,West,Summer,20456.0,41993.0,66.0,74933.19
2024-12-28,Sports,South,Winter,10259.0,36875.0,49.0,37945.69
2024-12-29,Sports,South,Summer,36554.0,11054.0,383.0,136442.83
2024-12-30,Furniture,South,Summer,47922.0,53517.0,345.0,190961.38
2024-12-31,Furniture,East,Spring,14409.0,81368.0,137.0,76308.28
